sample_id,text,label,unanimous,judge_a_label,judge_b_label,judge_a_label,judge_b_label,judge_c_label
enron_00136,"People -
I'm not sure now if 11:00 a.m. is going to work for the big conference
call next week.  I'm wondering if earlier or later in the day will work
for you guys . . . say 8:00 a.m. or 4-5:00 p.m.???  I am leaving work
right now and heading to the airport so try to respond to my home e-mail
cattlepig@earthlink.net    and I will retrieve your responses once I'm
in California in a couple of days.  If 11:00 is definately the only time
then I can work around it and make that call . . . . whatever you three
decide is what I will abide by.

108 years ago today, in 1892,  Andrew and Abby Borden were axed to death
in their home in Fall River, Mass. Lizzie Borden, Andrew Borden's
daughter from a previous marriage, was accused of the killings, but was
acquitted.


Matthew Gillaspie
NASD Registered Series 7, 63, 53, 55
Fixed Income Trading - Ingersoll
Brenton Investments Inc.
515/237-5379
2840 Ingersoll Avenue
Des Moines   IA  50312
matt.gillaspie@brentonbank.com
Tax Equivalent Yields that may be noted above are ESTIMATES ONLY and may
not take into consideration unique qualities of the bonds or your
clients tax situation.  Your client should CONSULT WITH THEIR TAX
PREPARER OR ATTORNEY TO DETERMINE THEIR TAX EQUIVALENT FOR THEIR
SPECIFIC INCOME SITUATION.
Brenton Investments, Inc. is a wholly-owned subsidiary of Brenton Bank.
Investment and insurance products offered through Brenton Investments,
Inc. are not FDIC insured, are not deposits nor obligations of any bank,
are not guaranteed by any bank and involve investment risk, including
the possible loss of principal.",,False,MEDIUM,HIGH,MEDIUM,HIGH,LOW
enron_00271,"It sounds of interest, but before subscribing, could we see a sample -- 
perhaps 4th Qtr. '00, if they are unwilling to send a courtesy copy of the 
current report?

 -----Original Message-----
From:  Hu, Sylvia  
Sent: Wednesday, June 06, 2001 4:42 PM
To: Cheek, Charles; Williams, Robert C.; Walls Jr., Rob; Haedicke, Mark
Cc: Siess, Kathy; Obrecht, Paulette
Subject: FW: Legal Billing Report Now Available

Would anyone be interested to see this kind of report?  Should library 
subscribe an electronic copy and make it accessible through our portal?  
Please advise!

Sylvia Hu
Corporate and Law Information Services
x36775

 -----Original Message-----
From:  sales@courtexpress.com@ENRON 
[mailto:IMCEANOTES-sales+40courtexpress+2Ecom+40ENRON@ENRON.com] 
Sent: Wednesday, June 06, 2001 3:32 PM
To: sales@courtexpress.com
Subject: Legal Billing Report Now Available

Legal Billing Report now available..

CourtEXPRESS has released its Legal Billing Report: Individual Attorney 
Billing Rates for First Quarter 2001.

The Legal Billing Report is a comparative listing of hourly rates by 
Attorney, firm, year of admittance and region.  The report is sorted by 
Hourly Rate (highest to lowest), law firm and region.  The Legal Billing 
Report has a subscription base of over 200 firms; including the largest firms 
in the country.  Law firms use the report as an indispensable analytical tool 
in determining and setting the billable rates for their attorneys. 
Consultants and Corporate General Counsel use the report to evaluate their 
Outside Counsel.

New this quarter: individual billing rates for consultants at the largest 
consulting firms in the U.S.

Available in print ($499) or electronic format ($799)

Be in the know  - stay on top of billing rate trends by ordering the Legal 
Billing Report  today!  Simply respond to this email and provide the 
following information:

Your Name
Firm name
Address
Telephone
Fax
Email address
Credit card number, expiration date and name on the card
Versions:  Print or electronic format

Thank you.

Chuck Chandler
Vice President of Sales & Marketing
866-391-3320 or 202-628-8217 (direct)
--
CourtEXPRESS.com's Business Development Searches:  Internet Tools to Find New 
Clients and to Grow Your Practice.",,False,MEDIUM,HIGH,MEDIUM,HIGH,LOW
enron_00323,"I keep getting these notes.  Help!

-----Original Message----- 
From: ARSystem 
Sent: Thu 12/13/2001 7:32 PM 
To: Corman, Shelley 
Cc: 
Subject: Your Approval is Overdue: Access Request for scott.hibbard@enron.com



This request has been pending your approval for  3 days.  Please click <http://itcapps.corp.enron.com/srrs/auth/emailLink.asp?ID=000000000078869&Page=Approval> to review and act upon this request.





Request ID          : 000000000078869 
Request Create Date : 12/10/01 3:38:58 PM 
Requested For       : scott.hibbard@enron.com 
Resource Name       : Risk Acceptance Forms Local Admin Rights - Permanent 
Resource Type       : Applications",,False,MEDIUM,HIGH,MEDIUM,HIGH,LOW
enron_00339,"Biliana,

I have prior commitments on Saturday, February the 5th. Please, send me more
information about the following Saturday. There is a remote possibility I 
shall have
to go to London that weekend. Otherwise, I shall be glad to join you.

Vince






Biliana Pehlivanova <pehlivanova@sugar-land.oilfield.slb.com> on 01/28/2000 
11:54:58 AM
To: Vince J Kaminski/HOU/ECT@ECT
cc:  
Subject: AIESEC



Dear Mr. Kaminski,

The following are the  personal and work e-mail addresses of the Polish
trainees in College Station.

Sylwester Rutkowski  sylwesterr@usa.net, sylwester.rutkowski@destia.com
Patricia Dalecka  pdalecka@hotmail.com, patrycia.dalecka@destia.com
Danusia Mas   danusia.mas@destia.com
Lidia Olczyk   lolczyk@usa.net, lidia.olczyk@destia.com
Robert Lyczak   rlyczak@yahoo.com, robert.lyczak@destia.com

I would like to invite you to join us for a paintball game next Saturday,
Feb 5th. The purpose of this event is to develop team building among our
student members, Board of Advisors, and corporate clients.

In addition, I would like to invite you to participate in our Mock
Sales day on Saturday, Feb. 12th.  During this day, the new members will
first receive training on AIESEC sales/knowledge and then role play with our
Board of Advisors and alumni acting as company
representatives. Sharing your AIESEC and work experience would be a
valuable contribution to our training program.

I will get in touch with you regarding these events in the beginning of
next week, as soon as I have the time and place finalized.

I appreciate your interest in working with us.

Best regards,

Biliana Pehlivanova
Vice President of Incoming Exchange
AIESEC Houston",,False,MEDIUM,HIGH,MEDIUM,HIGH,LOW
enron_00423,"Please prepare this letter asap
----- Forwarded by Richard B Sanders/HOU/ECT on 12/27/2000 10:31 AM -----

	SHoward@milbank.com
	12/26/2000 03:13 PM
		 
		 To: Richard.B.Sanders@enron.com
		 cc: 
		 Subject: Transfer of Farallon/Legg Mason Files




Richard,? Could you get a letter off by fax this week to Erica Tamblyn, 
Administrator, at Milbank Los Angeles (1) advising her that you want me to 
handle the Farallon (35509-00300) and Legg Mason (35509-00400) cases at my 
new firm, Alschuler, Grossman, Stein & Kahan, along with continuing 
participation by Roland Tellis at Milbank, and (2) requesting that Ms. 
Tamblyn transfer to Alschuler such of the files in the two cases as I may 
from time to time direct.? Milbank needs to get this letter before they can 
transfer any of the files to me at my new firm.

Call me if you have any questions.? Thanks. 

Steve 

This e-mail message may contain legally privileged and/or confidential 
information. If you are not the intended recipient(s), or the employee 
or agent responsible for delivery of this message to the intended 
recipient(s), you are hereby notified that any dissemination, 
distribution or copying of this e-mail message is strictly prohibited. 
If you have received this message in error, please immediately notify 
the sender and delete this e-mail message from your computer.",,False,HIGH,MEDIUM,HIGH,MEDIUM,LOW
enron_00569,"The 2000 Form W-2 will be mailed to your address of record by January 31, 
2001. If you have not received your form by February 20th, you may request, 
in writing, for a duplicate copy to be sent to you. Please note that a 
written request, including authorized signature is required.

When requesting a duplicate form, please specify the year for which you need 
a copy, sign your request, and include the following information:

 Name
 Complete Mailing Address
 Phone Number
 Social Security Number

You may mail your request to:
 ENRON CORP
 EB 1528
 P O BOX 1188
 HOUSTON TX   77002

Or you may fax your request to 713-646-3755.

Your request will be processed within one week of receipt.

If you have a question regarding the information on your Form W2, please 
contact the Payroll Call Center at 713-345-5555 option 1. 

Thank you",,False,LOW,HIGH,LOW,HIGH,MEDIUM
enron_00588,"---------------------- Forwarded by Vince J Kaminski/HOU/ECT on 01/26/2001 
04:38 PM ---------------------------


Vince J Kaminski
01/19/2001 08:52 AM
To: ""Wydawnictwa Naukowo-Techniczne"" <marketing@wnt.com.pl> @ ENRON
cc: Vince J Kaminski/HOU/ECT@ECT, vkaminski@aol.com 
Subject: Re: zakup ksiazki w WNT - ""Inzynieria finanasowa""  

Dziekuje za szybka  odpowiedz. Czy mozliwa jest platnosc czekiem?

Jako alternatywne rozwiazanie prosze podac mi cene w zlotych i moja rodzina w 
kraju 
dokona przelewu.

Prosze o kopie odpowiedzi na adres:  vkaminski@aol.com.

Dziekuje.

W. Kaminski




""Wydawnictwa Naukowo-Techniczne"" <marketing@wnt.com.pl> on 01/19/2001 
10:09:27 AM
To: <vkamins@enron.com>
cc:  
Subject: zakup ksiazki w WNT - ""Inzynieria finanasowa""



Uprzejmie informuje, ze ksiazke wyslemy po  wplynieciu na nasze konto 
odpowiedniej kwoty. Kwota ta zawiera wartosc ksiazki  (13,75$), koszty 
bankowe (5$) oraz koszty pocztowe (6,5$ lub 11 $).
- Przy przesylce droga morska prosze wplacic  15,25 $
- Przy przesylce lotniczej prosze wplacic  29,75$
Nietety, nie mamy mozliwosci technicznych  pobrania oplaty karta kredytowa.
Fakture wysylam poczta.
Nasze konto: PBK S.A. III  O/Warszawa
????????????????????11101024  - 401020003963
Nazs adres: Wydawnictwa Naukowo-Techniczne,  Mazowiecka 2/4, 00-048 ??? ???? 
Warszawa,  Polska
Serdecznie pozdrawiam
Grazyna Piesniewska",,False,HIGH,MEDIUM,HIGH,MEDIUM,LOW
enron_00633,"Greg

Obviously a great deal has changed over the last few weeks, and I'm not making any irreversible decisions until we have a chance to visit after things settle down.

In the meantime, I'd be happy to help in any way that I can.  Thanks.

Heath

Heath Schiesser
713-345-4585
heath.schiesser@enron.com 

 -----Original Message-----
From: 	Schiesser, Heath  
Sent:	Sunday, October 28, 2001 8:35 AM
To:	Whalley, Greg
Subject:	offer to help

If there is any way I can be of help during this busy time -- reading documents, fetching coffee, whatever -- just let me know.

Heath

C:  713-417-0383

Heath Schiesser
713-345-4585
heath.schiesser@enron.com",,False,MEDIUM,HIGH,MEDIUM,HIGH,LOW
enron_00771,"Michelle:

After I sent you my prior emails, Garry Mathiason responded with the
following emails on the two subjects that you raised.  Garry usually has
helpful insights so I thought I would pass them along:

Regarding the terrorism audit, this is an ""external"" threat assessment and
requires a qualified security company.  I think that Johnathan Tal could do
such an audit as well as some other more established security firms.

 <<Johnathan Tal>>

Regarding the HR consultant, the potential list is endless.  I have some top
level contacts with Delotte's Human Capital group.  Meanwhile, I think the
best non-attorney group on downsizing is probably  Right and Associates.
This is an area that we (Littler) have developed into a science.  At Cisco,
HP, AA, AOL, Solection, etc. we have advised on many of this issues.  Call
me if you would like specifics.  Garry

Michelle, here is the local contact for Right & Associates whom I have met:

 <<Joe A. Bowden>>

It does not look like we have an off-the-shelf memo on legal issues related
to Terrorism, but with our workplace violence work, we probably can put
something together less expensively and more thoroughly than other firms.
Let me know what we can do to help.

Kerry E Notestine
Littler Mendelson, PC
1900 Chevron Tower
1301 McKinney Street
Houston, Texas 77010
713.652.4748
713.951.9212 (fax)
knotestine@littler.com
www.littler.com


----
This email may contain confidential and privileged material for the sole use of the intended recipient(s). Any review, use, distribution or disclosure by others is strictly prohibited. If you are not the intended recipient (or authorized to receive for the recipient), please contact the sender by reply email and delete all copies of this message.

To reply to our email administrator directly, send an email to
postmaster@littler.com

Littler Mendelson, P.C.
http://www.littler.com



Content-Transfer-Encoding: 7bit
Message-ID: <8310030B08C3D311A7C600508B6A81290178644C@SFRMAIL>
To:
Subject: Johnathan Tal
Date: Tue, 18 Nov 1997 10:53:50 -0700
MIME-Version: 1.0
X-Mailer: Internet Mail Service (5.5.2653.19)
Content-Type: text/plain;  charset=iso-8859-1

6/01


Content-Transfer-Encoding: 7bit
Message-ID: <613D9AD04006D211880300805FBB4C5A772D4A@HOUEXCH>
From: ""Notestine, Kerry"" <KNotestine@littler.com>
To:
Subject: Joe A. Bowden
Date: Wed, 7 Mar 2001 06:43:42 -0700
MIME-Version: 1.0
X-Mailer: Internet Mail Service (5.5.2653.19)
Content-Type: text/plain;  charset=iso-8859-1

Asked to speak at HR Roundtable in April of 2001",,False,MEDIUM,HIGH,MEDIUM,HIGH,LOW
enron_00812,"We researched your question about how much money should we be paying SNG.  This is what we uncovered about the ""facts"" that were represented by Sonat.

#1)  The 92,949 Dth of gas that Sonat describes as the parked balance is really the net balance of 188,949 Dth of parked gas as of January 10th and an outstanding loan balance of 96,000 Dth.  The loan was made to ENA in November 2001 with the understanding that ENA had a put option (i.e. ENA could pick when, where, and how much gas would be delivered to the pipeline on any given day) to repay the gas to Sonat anytime with the next year.

#2)  January 9th was the last day that Sonat allowed us to withdraw our parked volumes.  ENA's balance of parked gas on December 2nd was 266,241 Dth.  On January 1st, ENA began withdrawing the gas to partially perform on a gas sales transaction to the pipeline.  A volume of 8,588 Dth/day was withdrawn for 9 days, January 1st through 9th.  When Sonat refused ENA's nomination to withdraw the parked volumes on January 10th, then ENA could then no longer partially make the sale to Sonat.

#3)  ENA has invoiced Sonat for the 9 days of the partial sale to Sonat, a total of 77,292 Dth.  To date Sonat has not paid ENA for the volumes of gas that was delivered.  Had ENA been allowed to continue to withdraw from the parked balance the remaining parked balance on January 10th, 188,949 Dth would have been zeroed out by the end of January 2002 and an additional sales of 188,949 Dth would have been made to Sonat.

#4)  The park transaction for ENA was done at a discounted rate that expired on January 31, 2002.  Once again ENA's plan was to withdraw the parked gas so that park balance would be at 0 Dth when the discount expired.

#5)  When ENA now tries to withdraw the parked gas, 188,949 Dth, or the net of the park and loan balance, 92,949 Dth, we need to have an agreement with Sonat on the rate that will be charged.  The rate they may insist upon may be a combined withdrawal charge per unit and an inventory charge.  Hopefully, they will be reasonable about these rates, since they were the ones that caused this problem in the first place.

If everything is thrown together, Sonat probably should be releasing our gas and paying us for the amounts due ENA.

Call me, so that we can go through each of these items,

Ruth Concannon
ruth.concannon@enron.com
713-853-1667",,False,MEDIUM,HIGH,MEDIUM,HIGH,LOW
enron_00921,">Subject: Little Johnny 
> > 
> > 
> > 
> > 
> > 
> >The teacher in Johnny's school asked the class what 
> >their parents did for a living. 
> >""Mary, what does your parents do?"" 
> > 
> >Lil' Mary replied ""My dad is a lawyer and my mummy 
> >is a nurse."" 
> > 
> >""That's very nice,"" said the teacher, ""Robert, what do your parents 
> >do?"" 
> > 
> >Robert proudly exclaimed ,""My dad is a policeman and 
> >my mom is a teacher!"" ""That's very nice,"" said the teacher , 
> > 
> >""Johnny, what do your parents do?"" 
> >He stood up and pronounced, ""My dad's dead and my mom's 
> >a hooker."" 
> > 
> >Naturally, after that remark, he got sent off to the 
> >principal's office. 15 minutes later, he returned. 
> > 
> >""Did you tell the principal what you said in class?"" 
> >asked the teacher. Johnny replied, ""Yes, he said that 
> >in our economy every job is important, gave me an apple 
> >and asked for my phone number."" 
> > > > > > > > > > > > > > > > >",,False,HIGH,LOW,HIGH,LOW,MEDIUM
enron_01017,"The attorney with the most complete knowledge on the Bammel Trust monetization would be Mary Cook, 5-7732.  She covered both legal and regulatory fronts, using outside counsel at Vinson & Elkins and Clark, Thomas and Winters (Austin).  She may be able to tell you who is still here at Enron that covered the Accounting, Treasury, Logistics and other fronts.

As I have taken a job with Enron Industrial Markets, Jeff Hodge will be allocating my work responsibilities to other attorneys who serve Enron Upstream.  Gerald Nemec is currently handling all Compression Services work and some storage matters for Eva Rainer.  Although he's quite busy at present, Jeff may decide that he has the best skill set to assist with a transaction of this type.  While he did not work on the latest Bammel Trust transaction, through his work on the Looper transaction and the various compression projects, he has gained expertise in similar transactional structures.

Good luck,

Steve Van Hooser

 -----Original Message-----
From: 	Vasquez, Miguel  
Sent:	Monday, August 13, 2001 2:09 PM
To:	Van Hooser, Steve
Cc:	Bieniawski, Paul
Subject:	TXU

Steve,	

One of the major clients we are talking about the base gas monetization is TXU.  We had a meeting with them last week and we are currently in the process of getting them to sign the CA (which was prepared by Mary Ogden).  One the advantages that we have with this transaction is the fact that it is state regulated and also that we have the experience of having done something similar with Bammel.  Now I'm putting together our execution plan and want to learn who worked on the Bammel transaction from the legal and regulatory side, so that we may understand the issues faced then.  I would like to chat with you and get your thoughts on this, please let me know when we could get together.

Thanks

Miguel  
3.3910",,False,MEDIUM,HIGH,MEDIUM,HIGH,LOW
enron_01024,"Real Time Traders,

The Services Desk has sold 10 Mw of Willamette Ind. energy, Balance of the 
Month, to Avista/WWP, On Peak,  beginning 12/4 through 12/30. The energy is 
unit contingent power  at the WWP system. I have placed copies of the tags 
and oasis requests in the Services Books. 

I have purchased PacifiCorp Firm transmission to move from the Willamette 
Busbar to the BPA system interconnect. Then Snohomish network transmission to 
move from PacifiCorp's system to Avista's system.

I have requested that Willamette give Enron a phone number to allow us to 
communicate Real Time with their generation staff. I will pass this along 
when it's received. 

Although the schedule is unit contingent I would like to make a reasonable 
effort to keep the schedule whole when Willamette has unit problems. If we 
can show that this energy is a reasonably reliable energy source it will open 
up future opportunities. If there are curtailments call Pac Transmission at 
503-251-5230, Snohomish Transmission at 425-304-1620 and WWP at 509-495-8534 
and inform them of the cut and whatever resupply source that maybe used. 

Feel free to call me at home (503-579-1615) or on my Cell (503-807-2826) if 
there are ever any questions.

Les Rawson",,False,MEDIUM,HIGH,MEDIUM,HIGH,LOW
enron_01035,"Please let me know why my VAR is $2.2 million.  My position is 108.3 short, 
so I need to know why the VAR is so large .  Hunter would like an answer as 
soon as psossible.

Thanks",,False,HIGH,LOW,HIGH,LOW,MEDIUM
enron_01103,"I spoke with Brenda--she does not yet have closing docuemtns from the Ghost 
unwind. She will get you the swap termination docs when they arive. JNE",,False,MEDIUM,LOW,MEDIUM,LOW,UNKNOWN
enron_01143,"Hi, Kerry and Rick,

Hope you are enjoying the employer.  Here, it is flooding again -- my son's school is closed today because of flooding.  What fun!

Here is a request from our business guys to get information on a potential labor dispute.  Any information you can get without being obvious would be helpful.

Thanks.

Michelle



---------------------------------------------------------------------------------------------------------

Michelle Cash
Enron North America Corp.
1400 Smith Street, EB 3823
Houston, Texas  77002
(713) 853-6401
michelle.cash@enron.com

This message may contain confidential information that is protected by the attorney-client and/or work product privileges.
----- Forwarded by Michelle Cash/HOU/ECT on 06/07/01 07:37 AM -----


	Jeffrey T Hodge 06/06/01 06:28 PM 	   To: Michelle Cash/HOU/ECT@ECT  cc: Philip Mayor/ENRON@enronXgate  Subject: Midwest Generation	


Michelle:

Pursuant to our telephone conversation, I am forwarding you this e-mail.  As I advised we would like to obtain whatever information we can on a labor situation between Midwest Generation and the IBEW in the Chicago area.  

Thanks,

Jeff",,False,MEDIUM,HIGH,MEDIUM,HIGH,LOW
enron_01145,"Attached is a draft of the CA for Peoples based on Gregg Penman's information 
below.  Gregg says he also wants some language to be included regarding audit 
rights.  I did not include this language because I'm not sure how to word it 
(and I could not find an example).

By the way, I used another People's CA I got from Ed's directory as an 
example because it seemed to fit better than the one I got from you on Friday.

Gregg wanted some pretty specific reference to the confidential data being 
supplied to Peoples, and most of the examples I reviewed were more general.  
Please let me know what I need to change.

Kathleen



This is the example I used:


---------------------- Forwarded by Kathleen Carnahan/NA/Enron on 11/06/2000 
09:02 AM ---------------------------
To: Kathleen Carnahan/NA/Enron@Enron, Kay Young/HOU/ECT@ECT
cc:  

Subject: Draft CA for curves

Kathleen,

We have forms for confidentiality agreements.  All CA's are processed through 
Kay Young, as she maintains the data base.  Kay, could you point Kathleen to 
the repository of the forms so that she can generate the first draft? By the 
way, I've assembled the emails I received on changing the form.  I'll be 
happy to take a crack at the revisions if you tell me which form to start 
with.  I know it will have to be processed through before it becomes standard.

Thanks,

Kay
---------------------- Forwarded by Kay Mann/Corp/Enron on 10/24/2000 08:56 
AM ---------------------------
From: Gregg Penman on 10/23/2000 10:28 AM
To: Kay Mann/Corp/Enron@Enron
cc:  

Subject: Draft CA for curves

Kay - We have previously discussed the idea of a CA to specifically cover the 
curves.  We need to put this at the top of the list for this week.  Can you 
prepare a CA for the distribution of enovate curves to specific individuals 
at Peoples?  I would like it to read as follows:
Basis and Index curves will be provided daily for all points at which enovate 
has a position, whether hedged or open, to specific individuals employed in 
the risk management area.  (Individuals should be named on a schedule).
Curves are being provided for the express purpose of independent risk 
analysis of the enovate portfolio by Peoples Risk Management personnel.   

In return, the specific individuals will not forward, copy, or otherwise 
distribute the curves to any individual not on the approved schedule.  No 
communications, written or verbal, will be made to any person other than the 
enovate GM or the Enron designated enovate risk committee member regarding 
any aspect of the curves.  

I need some language regarding audit rights, but this should get you 
started.  Call me to discuss.

Gregg



---------------------- Forwarded by Kathleen Carnahan/NA/Enron on 11/06/2000 
09:02 AM ---------------------------
From: Gregg Penman on 11/01/2000 03:13 PM
To: Kathleen Carnahan/NA/Enron@Enron
cc: Kay Mann/Corp/Enron@Enron 

Subject: CA for enovate

Kathleen - As we discussed, here is a high level overview of what I am trying 
to accomplish.  

Purpose: Employees and representatives of Peoples Energy will be provided 
information related to the operations of enovate, L.L.C. that is necessary or 
appropriate to review the accuracy of data and verify that the operations and 
controls set forth in Section VIII of the enovate, L.L.C. Risk Management 
Policy are being properly implemented and followed.  Information may include 
forward curves such as price, basis, index,volatility and interest rates to 
the extent they relate to the operations of enovate, L.L.C. 

Restrictions:  All information provided is deemed confidential.  Information 
provided may only be used for the purpose mentioned above.  None of the 
provided information may be distributed or communicated to any person who is 
not subject to the confidentiality agreement.


Call me with any questions you may have.  Thank you for your assistance.

Gregg",,False,LOW,HIGH,LOW,HIGH,MEDIUM
enron_01203,"Greg, I have left a message with Anthony and sent him an email this morning.  I have not heard back from him yet.  Thanks.

 -----Original Message-----
From: 	Piper, Greg  
Sent:	Thursday, January 17, 2002 9:20 AM
To:	McLoughlin, Hector
Cc:	Beck, Sally; Jones, Robert W.- HR Exec; Delainey, David W.; Fallon, Jim; Rub, Jenny; Perlman, Beth
Subject:	RE: Data needed for Fallon and Delaney

Is everyone responding to you on this?  If not, who are you missing?  I talked to Hall, Perlman and Rub this morning and I assume Sweeney is easy since all his operations people are EIM and EGM.  Also, Apollo and Dayao are probably EES but confirm with them.  Get hem all to respond back to you directly.  

This is also going to be very fluid.  For example, Hall has 43 names or so and we all know that probably and additional 60 or so will get put back to the estate off the UBS list if they go with their plan to take less not more.  Although all of Hall's folks are ENA, the actual names may change.  Also, Jenny Rub has about 100 employees remaining in infrastructure.  This would be desktop support, phones, the network, data centers, etc. and although some techs are dedicated to certain business units, the majority of her group will just support EWS/estate as a whole as they always have.  Her infrastructure group will therefore be shown to you as an org chart with what certain functions groups of people support.  Perlman is attempting to break out but she normally divides by commodity or application, like Unify which cuts across commodities.

Do the best you can.

Thanks.

GP



 -----Original Message-----
From: 	McLoughlin, Hector  
Sent:	Wednesday, January 16, 2002 4:20 PM
To:	Apollo, Beth; Hall, Bob M; Pearce, Barry; Sweeney, Kevin; Perlman, Beth; Rub, Jenny; Richter, Brad; Pickering, Mark; Dayao, Anthony; Schmidt, Mark; Piper, Greg; Beck, Sally
Cc:	Funkhouser, Shanna; Hankamer, Cecilia; Curless, Amanda; Kinningham, Laura; Jones, Robert W.- HR Exec; Craig, Braedi
Subject:	Data needed for Fallon and Delaney
Importance:	High

Dave Delaney and Jim Fallon need the following information for a meeting tomorrow at noon.   They need to know which BU all ENW and ISC employees support (i.e. EGM, EIM, EBS, EES, and ENA). 
I've provided all the employees that remain in the estate in the spreadsheet below for you.   There's a tab for each of you with all of your Estate employees listed.    Please designate which company each employee supports and return by 11 AM tomorrow.   
I apologize for the short notice. 
Thanks for your help. 
H
 << File: FallonDelaneyrpt.xls >>",,False,MEDIUM,HIGH,MEDIUM,HIGH,LOW
enron_01230,"Nancy, can we meet today at 1:30 to go over my budget?  Please let me know
if that works for you.  Thanks. Lynn




""Carpenter, Nancy"" <Nancy.Carpenter@ENRON.com> on 06/04/2001 08:48:01 AM
Please respond to ""Carpenter, Nancy"" <Nancy.Carpenter@ENRON.com>
To:	""Nacey, Sheila"" <Sheila.Nacey@ENRON.com>, <gblair@enron.com>, ""January, Steven"" <Steven.January@ENRON.com>
cc:	""Wagoner, Michael"" <Michael.Wagoner@ENRON.com>, ""Barnes, Caroline"" <Caroline.Barnes@ENRON.com> 

Subject:	Reorganization



Due to the June 1 changes in Shelley's organization, I'll need your
timekeepers to give me your new payroll distribution percentages.  I'm
preparing a new ""budget"" for Shelley, and would appreciate this
information by the end of this week if possible.

Sheila, I'm sorry I didn't respond to your call last week.  I was on
vacation, and forgot to change my phone greeting.
Call me if you need anything.

Thanks,
Nancy (x36311)",,False,MEDIUM,HIGH,MEDIUM,HIGH,LOW
enron_01278,"This was Mike Swerzbin's deal, and I guess he missed it yesterday. We just 
entered it and backdated it for 1/4/01. Deal # is 490867.

thanks,
Kate


Stephanie Piwetz   01/05/2001 12:12 PM

To: Kate Symes/PDX/ECT@ECT
cc:  

Subject: MISSING DEAL?

Hello Kate-
El paso just called to verbal some deals and he had one that we did not have:
trade date 1/4/01

Enron Sells El Paso
Q2   2001
off peak  25mws
$175.00
Mid C
thru Natsource

Please check to see if good trade, did not give me trader name, Natsource did 
not tell me of this trade last night in checkout.  Thanks 
Stephanie
7138539210",,False,HIGH,LOW,HIGH,LOW,MEDIUM
enron_01303,"I want to go through a list of each counterparty we think is going to go into bankruptcy and what we are doing to prepare for that.  Thanks.  Mark

 -----Original Message-----
From: 	Mellencamp, Lisa  
Sent:	Monday, August 27, 2001 8:50 AM
To:	Schuler, Lance (Legal); Haedicke, Mark E.; Krautz, Michael
Subject:	FW: DTI Holdings, Inc.
Importance:	High



 -----Original Message-----
From: 	Wilhite, Jane  
Sent:	Monday, August 27, 2001 8:38 AM
To:	Thapar, Raj; Brysch, Jim; Mellencamp, Lisa
Cc:	Rohauer, Tanya; Pearce, Barry
Subject:	DTI Holdings, Inc.
Importance:	High

DTI Holdings, Inc. could file for bankruptcy at any point in time.  The Company is solely dependent upon financing from it's parent, KLT Telecom Inc.  The board of KLT has been advised that they have no further obligation to fund the remaining $30.5MM of availability under the Credit Facility.  Even if DTI Holdings received the remainder of availability under the Credit Facility it would only last 1-2 quarters (through the end of the calendar year) due to a cash burn rate from operations of approximately $15MM and capex of approximately $12MM for the 2Q01.  The Company also has a demand loan to its parent of $94MM and interest payable of $4.7MM.

If you would like to discuss further please feel free to call.

Jane Wilhite
ext. 35063",,False,MEDIUM,HIGH,MEDIUM,HIGH,LOW
enron_01452,"Thanks Jeff.

 -----Original Message-----
From: 	Hodge, Jeffrey T.  
Sent:	Sunday, October 28, 2001 1:04 PM
To:	Crady, Ned E.
Subject:	FW: TEAC

Ned:

Per my telephone message.

Jeff

 -----Original Message-----
From: 	Garberding, Michael  
Sent:	Thursday, October 25, 2001 1:30 PM
To:	Hodge, Jeffrey T.
Subject:	FW: TEAC



 -----Original Message-----
From: 	Muhl, Gil  
Sent:	Tuesday, October 23, 2001 3:15 PM
To:	Diamond, Russell; Garberding, Michael; Edmonds, Marcus
Subject:	FW: TEAC

Russell / Mike / and Marcus - here's the e-mail I just got from Teac with their updated numbers.  I'm reviewing the Gas Purchase Agreement.  Let's update our numbers and discuss at the earliest convenience sometime today.

Thanks - Gil

 -----Original Message-----
From: 	""Norman, John E"" <john.e.norman@bankofamerica.com>@ENRON  
Sent:	Tuesday, October 23, 2001 11:29 AM
To:	gmuhl@enron.com
Subject:	TEAC

Gil,

Initial Mirant offer was at 199 BP over 5 year UST.  They are coming in at
high 180BPS.  Also, surety is only for $50MM and we may have need somewhat
in excess of that.  We have asked bond counsel if the opinion as to tax
exemption of the bonds would be intact if we substituted a (i) the second
place bidder or (ii) a prior bidder that failed to clear the tax exempt
hurdle rate but that now was offering to adjust their bid to that level.
Accordingly, TEAC has asked that we canvass current thinking of Enron and El
Paso.  The supplier selection is once again competitive. Therefore, the
higher your discount factor, acceptance of the basic form of the documents
as presented, and ability to perform on a timely basis, then the greater the
likelihood that you may be selected to complete the transaction.

*	Below is a spreadsheet that shows current volumes.  Market prices
are current (10/22) for NYMEX but must be adjusted to Tennessee 500 Zone 1.

*	 Also attached is the Gas Purchase Agreement.  It has been amended
to provide for cures in the event of a termination event, and that should
make the GPA more appealing to surety bond providers. Another draft is due
out shortly.  We would expect to agree in substance within a week, and enter
into the GPA by just after Thanksgiving.

*	Please disregard the Surety Bond form attached to the GPA and refer
to the separate surety bond form attachment below. This basic form has been
approved by at least one surety provider.

Please give me a call at your earliest convenience to discuss where your
current pricing would be and the time that you might be expect to perform
within.  Thanks,  JN

 <<TEAC2001 Numbers to Supplier 10-22-01.xls>> 	 <<TEAC2001 GPA Oct 17 Clean
Generic.doc>> 		 <<TEAC2001 Surety Chapman 10-18-01 Clean.pdf>>


 - TEAC2001 Numbers to Supplier 10-22-01.xls << File: TEAC2001 Numbers to Supplier 10-22-01.xls >> 
 - TEAC2001 GPA Oct 17 Clean Generic.doc << File: TEAC2001 GPA Oct 17 Clean Generic.doc >> 
 - TEAC2001 Surety Chapman 10-18-01 Clean.pdf << File: TEAC2001 Surety Chapman 10-18-01 Clean.pdf >>",,False,MEDIUM,HIGH,MEDIUM,HIGH,LOW
enron_01477,"Thanks, Vince.   We have received both her application and her signed offer 
letter, so we are moving in the right direction.

Molly



 -----Original Message-----
From:  Kaminski, Vince  
Sent: Thursday, April 19, 2001 10:44 AM
To: Magee, Molly
Cc: Crenshaw, Shirley
Subject: Re: Test

Molly 

FYI

Vince
---------------------- Forwarded by Vince J Kaminski/HOU/ECT on 04/19/2001 
10:43 AM ---------------------------


edward kao <EKao@UH.EDU> on 04/18/2001 08:30:49 PM
To: vkamins@ect.enron.com
cc:  
Subject: Re: Test


Vince:

     Candice's contact information at Mount Holyoke is as follows:

     Phone:  (413) 493-5092
     email:   cgkao@mtholyoke.edu
     address:   1453 Blanchard Campus Center
                Mount Holyoke College
                South Hadley, MA 01075-6002

     Ed

PS:  I hope Ron Singer has given you the needed info.  Please feel free to
contact me if I can be of any help with regard to your colleague's inquiry
about pursuing doctoral study at UH.",,False,MEDIUM,HIGH,MEDIUM,HIGH,LOW
enron_01564,"Monday is great--I'm giving this to Lay then.

- Rob





	Jeff Dasovich
	Sent by: Jeff Dasovich
	04/20/2001 05:34 PM
		
		 To: Rob Bradley/Corp/Enron@ENRON
		 cc: 
		 Subject: Re: FW: Sacramento Pres Final 4_13_01(projected).ppt

Happy to.  It'll have to wait till Monday, though.  That work?



	Rob Bradley
	04/20/2001 05:25 PM
		
		 To: Jeff Dasovich/NA/Enron@Enron
		 cc: 
		 Subject: Re: FW: Sacramento Pres Final 4_13_01(projected).ppt

Would you mind putting it down on paper so I can give it to Lay?  Just two or 
so bullets of the El Paso accusation and then some bullets on the more 
fundamental story.

- Rob





	Jeff Dasovich
	Sent by: Jeff Dasovich
	04/20/2001 05:19 PM
		
		 To: Rob Bradley/Corp/Enron@ENRON
		 cc: Joe Hartsoe/Corp/Enron@ENRON
		 Subject: Re: FW: Sacramento Pres Final 4_13_01(projected).ppt

You got it.  Just give me a call and we'll walk through ""the other side of 
the story.""

Best,
Jeff



	Rob Bradley
	04/20/2001 03:17 PM
		 
		 To: Jeff Dasovich/NA/Enron@Enron
		 cc: Joe Hartsoe/Corp/Enron@ENRON
		 Subject: FW: Sacramento Pres Final 4_13_01(projected).ppt

Can I talk you or someone else who is close to this into a one pager on why  
a simple supply/demand explanation of California border prices trumps 
Carpenter's El Paso dun it conspiracy analysis?

I don't want Lay to be stumped by a question on this at his Wednesday IAEE 
talk.

- Rob


----- Forwarded by Rob Bradley/Corp/Enron on 04/20/2001 03:13 PM -----

	Shelley Corman/ENRON@enronXgate
	04/20/2001 02:51 PM
		 
		 To: Joe Hartsoe/Corp/Enron@ENRON
		 cc: Rob Bradley/Corp/Enron@ENRON
		 Subject: FW: Sacramento Pres Final 4_13_01(projected).ppt


Attached is Paul Carpenter (Brattle Group) preliminary findings that 
marketers have market power at the border.

By my second email I'm sending Enron's responses to the pleadings at FERC 
which refute the notion of the need to reinstitute price controls at the 
California border.

Alternatively, a good argument to high gas prices at the CA border is the 
message in Stan's natural gas roundtable speech (i.e. high gas prices can be 
directly attributed to supply/demand factors).

 -----Original Message-----
From:  Dasovich, Jeff  
Sent: Thursday, April 19, 2001 12:28 PM
To: Fawcett, Jeffery; Harris, Steven; Fossum, Drew; Gomez, Julie A.; Corman, 
Shelley; Hartsoe, Joe; Miller, Stephanie; Steffes, James; skean@enron.com; 
Robertson, Linda; Shapiro, Richard; Kaufman, Paul; Mara, Susan; McCubbin, 
Sandra; Guerrero, Janel; Denne, Karen; mpalmer@enron.com; Novosel, Sarah; 
Fulton, Donna; Lawner, Leslie
Subject: Sacramento Pres Final 4_13_01(projected).ppt

FYI.  Presentation by Brattle Group before CA leg committee yesterday in 
which they assert market power at the CA border (held by ""out-of-state 
suppliers"") explains high gas prices in California.  If you have any 
questions, call me at 415.782.7822.  Please forward to others whom you think 
might be interested.  Stephanie, could you forward along to Barry?

Best,
Jeff
----- Forwarded by Jeff Dasovich/NA/Enron on 04/19/2001 12:23 PM -----


	Douglas.Porter@sce.com 04/19/2001 11:36 AM 	   To: jeff.dasovich@enron.com  
cc:   Subject: Sacramento Pres Final 4_13_01(projected).ppt



Per your request, attached are the presentation slides from yesterday.

Douglas Porter, Senior Attorney
Southern California Edison Company
(626)302-3964
(626)302-3990(fax)
douglas.porter@sce.com(See attached file: DRT2486.PPT)
 - DRT2486.PPT",,False,MEDIUM,HIGH,MEDIUM,HIGH,LOW
enron_01603,"thanks again!!

Kim

 -----Original Message-----
From: 	Keiser, Kam  
Sent:	Tuesday, January 29, 2002 4:29 PM
To:	Ward, Kim S (Houston)
Subject:	RE: West Gas Roll Out Plan

Thanks,

I will forward this to Casey Evans to work on the Power side.

KK


 -----Original Message-----
From: 	Ward, Kim S (Houston)  
Sent:	Tuesday, January 29, 2002 4:26 PM
To:	Keiser, Kam
Cc:	Tycholiz, Barry
Subject:	RE: West Gas Roll Out Plan

It would be total exposure, physical and financial, for gas, and then power separately, if you have access to that.  If not, forget power.  The date would be as of our bankruptcy, (Dec. 2nd?).  What did we owe them that we are not going to pay them?  What is our future exposure (MTM) as of now? (For a summer 2002 swap, for example.)  and what do they owe us if we haven't been paid?  We just need to be aware of how things ended with Enron so we can discuss it when we knock on their door as UBS.

Let me know what else you need and thanks for your help.

Kim

 -----Original Message-----
From: 	Keiser, Kam  
Sent:	Tuesday, January 29, 2002 4:20 PM
To:	Ward, Kim S (Houston)
Subject:	RE: West Gas Roll Out Plan

Kim, 

Are these physical or financial, or a combination.  Do you know the termination dates?  If not, I will try to get them from the confirmations group.  

Thanks
Kam

 -----Original Message-----
From: 	Ward, Kim S (Houston)  
Sent:	Tuesday, January 29, 2002 4:03 PM
To:	Keiser, Kam
Subject:	FW: West Gas Roll Out Plan



 -----Original Message-----
From: 	Tycholiz, Barry  
Sent:	Tuesday, January 29, 2002 10:03 AM
To:	Ward, Kim S (Houston)
Subject:	West Gas Roll Out Plan

Kim, as part of the roll out plans we will need a summary report of the close out values for these customers.  Can you coordinate with credit, including the utilization of an analyst ( if you can find one). to complete this list.  

Cash means ( receivables, payables positions outstanding).
MTM ( the last MTM that we had with a company as we closed out).

The intent of compiling this information is to be able to position ourself for the appropriate conversation with this customer.... (if Enron owes them money, we should know that before we walk in the door). 



Pls review and let's discuss.... 

BT  << File: westgascustlistrolloutplan.xls >>",,False,MEDIUM,HIGH,MEDIUM,HIGH,LOW
enron_01875,"thanks.....

 -----Original Message-----
From: 	White, Stacey W.  
Sent:	Tuesday, October 23, 2001 8:58 AM
To:	Suarez, John
Subject:	RE: EOL 

We'll take care of it.  Welcome back!

Stacey

 -----Original Message-----
From: 	Suarez, John  
Sent:	Tuesday, October 23, 2001 8:42 AM
To:	Black, Tamara Jae; White, Stacey W.
Subject:	EOL 

Stacey/TJ:

I need to be setup on EOL with the appropriate book for  SOCO (EPMI-LT-SERC?).  I start on Monday Oct. 29th.

Let me know if you need additional information.

Thanks.

John D. Suarez
Enron Broadband Services
(713) 853-5267 work
(713) 443-5267 mobile
(877) 597-0646 pager 
email: john.suarez@enron.com",,False,MEDIUM,HIGH,MEDIUM,HIGH,LOW
enron_01980,"Wow, Rebecca was reading my mind!
---------------------- Forwarded by Kay Mann/Corp/Enron on 01/17/2001 12:10 
PM ---------------------------
   
	
	
	From:  Rebecca Walker                           01/17/2001 12:02 PM
	

To: Kay Mann/Corp/Enron@Enron
cc:  

Subject: Intergen Funding

Kay

This memo is to confirm that we used the updated account numbers in the 
notice that we will give to the Escrow agent for the closing of the Intergen 
deal tomorrow.  Let me know if you need any more information.  

Regards,
Rebecca
---------------------- Forwarded by Rebecca Walker/NA/Enron on 01/17/2001 
12:01 PM ---------------------------
From: Theresa Vos on 01/12/2001 02:55 PM
To: Rebecca Walker/NA/Enron@Enron, Kay Mann/Corp/Enron@Enron
cc:  

Subject: Intergen Funding

For funds that ENA receives and then needs to send out the same day, Treasury 
prefers that we use the following account:

 Citibank NY
 4078-1075 
 ABA#021000089

Please call me if you have any questions.

thanks,
theresa
x58173",,False,HIGH,MEDIUM,HIGH,MEDIUM,LOW
enron_02043,"<<GE.LegalOpin.DOC>>  <<GE.Consent.DOC>>  <<GE.Receipt.DOC>>
<<GE.Ltr.Forms.DOC>>

Kay:

We have attached execution copies of the following documents for execution
by GE:

1.  GE Letter re Forms of Agreement;
2.  GE Consent and Agreement;
3.  Legal Opinion of Counsel to GE;
4.  GE Receipt.

These documents were circulated by Isabel Parker to Kent Shoemaker, you, me
and others on April 23, 2001.

The only other document is the GE Parent Guaranty.  Greg Lang circulated
comments (in a PDF file) by an e-mail 4/18 at 5:59 p.m.   Greg asked earlier
today whether the form of this document had been agreed by GE and I could
not respond.

You should have the following documents:

1.  Assignment and Assumption Agreement; and
2.  Turbine Contract.

Several of the ENA documents are not yet finalized, so I will try to get
those to you after lunch.  Please send over the LLC certificate book in
order that we may prepare membership certificates.

If you have any questions or comments, please advise.  Thanks.

Carolyn M. Campbell
King & Spalding
713-276-7307 (phone)
713-751-3280 (fax)
ccampbell@kslaw.com <mailto:ccampbell@kslaw.com>

Enclosures






                    Confidentiality Notice
This message is being sent by or on behalf of a lawyer.  It is intended 
exclusively for the individual or entity to which it is addressed.  This 
communication may contain information that is proprietary, privileged or 
confidential or otherwise legally exempt from disclosure.  If you are not the 
named addressee, you are not authorized to read, print, retain, copy or 
disseminate this message or any part of it.  If you have received this 
message in error, please notify the sender immediately by e-mail and delete 
all copies of the message.


 - GE.LegalOpin.DOC
 - GE.Consent.DOC
 - GE.Receipt.DOC
 - GE.Ltr.Forms.DOC",,False,HIGH,MEDIUM,HIGH,MEDIUM,LOW
enron_02113,"Dear Mr Skilling,

Please forgive this interruption to your business day, but I thought it might be time I owned up before you found out from someone else.

A.  I saw you speak at the Tibco conference in Las Vegas and I was inspired.  I've been at Enron for over 5 years, and I think it's fantastic that we using the 'strategy' word more and more.

B. I stole your slides and re-used them for my own purposes.  I hope you don't mind.

C. I think I can see how to move forward with our technology team to build the kind of systems ""structure"" that goes some way to mimicking the capabilities inherent in your new business structure. 

I thought you might enjoy thumbing through ""my"" slides and notes.

Regards,
Richard.

 

...
Richard J. Black
Chief Technology Architect
Enron Europe
40 Grosvenor Place
Belgravia
London SW1X 7EN
ENGLAND
phone: +44-20-7783 6721
email: rblack@enron.com
...",,False,HIGH,LOW,HIGH,LOW,MEDIUM
enron_02288,"Are you in debt? Having trouble paying it off? We can help!
We can consolidate your bills into just one monthly payment
and help achieve the following:

- Save you a lot of money by eliminating late fees
- Settle your accounts for a substantially reduced amount
- Stop creditors calling you on the phone
- Help avoid bankruptcy
- And more!

By first reducing, and then completely removing your debts,
you will be able to start fresh. Why keep dealing with the
stress, headaches, and wasted money, when you can
consolidate your debts and pay them off much sooner! To
obtain more information, with no obligations or costs,
please reply to this email, fill out the form below, and
return it to us. Your submission will be processed within
10 business days and you will be shortly contacted by one
of our informed staff. Thank you!

Full Name  :
Address    :
City       :
State      :
Zip Code   :
Home Phone :
Work Phone :
Best Time to Call   :
E-Mail Address      :
Estimated Debt Size :



**********
If this e-mail arrived to you by error, or you wish to
never receive such advertisements from our company,
please reply to this e-mail with the word REMOVE in the
e-mail subject line. We apologize for any inconveniences






9z9n5cjda",,False,LOW,HIGH,LOW,HIGH,MEDIUM
enron_02380,"Reservation status has changed to RECEIVED. See attachment.

ASSIGNMENT_REF = 30710
SELLER_CODE = AZPS
SELLER_DUNS = 958982563
CUSTOMER_CODE = EPMI  
CUSTOMER_DUNS = 848921276
AFFILIATE_FLAG = 0
PATH_NAME = W/AZPS/AZPS-AZPS/FOURCORNE345 - PNPKAPS230//
POINT_OF_RECEIPT = FOURCORNE345
POINT_OF_DELIVERY = PNPKAPS230
SOURCE = FOURCORNERS
SINK = PNPK
CAPACITY = 25
CAPACITY_REQUESTED = 25
SERVICE_INCREMENT = HOURLY
TS_CLASS = FIRM
TS_TYPE = POINT_TO_POINT
TS_PERIOD = OFF_PEAK
TS_WINDOW = FIXED
TS_SUBCLASS = WHEEL
NERC_CURTAILMENT_PRIORITY = Nerc Priority 1
OTHER_CURTAILMENT_PRIORITY = Default
START_TIME = 06/05/2002
STOP_TIME = 06/05/2002
CEILING_PRICE = 3.13
OFFER_PRICE = 3.13
BID_PRICE = 3.13
PRICE_UNITS = $/mW  
PRECONFIRMED = YES
ANC_SVC_LINK = N/A
ANC_SVC_REQ = N/A
POSTING_REF = 0
SALE_REF = 
REQUEST_REF = 
DEAL_REF = 
NEGOTIATED_PRICE_FLAG = 
STATUS = CONFIRMED
STATUS_NOTIFICATION = lisa.gang@enron.com
STATUS_COMMENTS = 
TIME_QUEUED = 06/04/2002
RESPONSE_TIME_LIMIT = 
TIME_OF_LAST_UPDATE = 06/04/2002
PRIMARY_PROVIDER_COMMENTS = 
SELLER_COMMENTS = 
CUSTOMER_COMMENTS = For info, please call (503)464-5070
SELLER_NAME = AZPS
SELLER_PHONE = 602.250.1128
SELLER_FAX = 602.250.1155
SELLER_EMAIL = oasisadm@apsc.com
CUSTOMER_NAME = Enron Power Marketing, Inc.
CUSTOMER_PHONE = (713)853-3801
CUSTOMER_FAX = (713)646-8272
CUSTOMER_EMAIL = bill.rust@enron.com
REASSIGNED_REF = 0
REASSIGNED_CAPACITY = 0
REASSIGNED_START_TIME = 
REASSIGNED_STOP_TIME =",,False,MEDIUM,HIGH,MEDIUM,HIGH,LOW
enron_02467,"Just got it.  thanks

Enron Global Markets
520 Madison Avenue
New York, NY 10022
Tel: 212.715.5283
Fax: 212.715.5608
E-Mail: Limor.Nissan@Enron.com

 -----Original Message-----
From: 	Jones, Tana  
Sent:	Wednesday, November 14, 2001 12:56 PM
To:	Nissan, Limor
Subject:	RE: Financial Trading Agreements

I faxed you the alcoa ISDA immediately after we spoke.  It should be in NY right now.

 -----Original Message-----
From: 	Nissan, Limor  
Sent:	Wednesday, November 14, 2001 11:28 AM
To:	Jones, Tana
Cc:	Taylor, Mark E (Legal)
Subject:	RE: Financial Trading Agreements
Importance:	High

Tana,

The instructions don't work, and quite frankly, I don't have the luxury of waiting for an IT guy to help me.  Is it possible for you to print out the Alcoa isda and fax it to me at the below fax number?  I need it on an urgent priority basis.  If you can't fax it to me, please let me know.

Thanks,

Limor

Enron Global Markets
520 Madison Avenue
New York, NY 10022
Tel: 212.715.5283
Fax: 212.715.5608
E-Mail: Limor.Nissan@Enron.com

 -----Original Message-----
From: 	Jones, Tana  
Sent:	Wednesday, November 14, 2001 12:04 PM
To:	Nissan, Limor
Cc:	Taylor, Mark E (Legal)
Subject:	FW: Financial Trading Agreements


Limor,

The instructions below should help you find the access to get into the Financial Trading Agreement Database (where the ISDA information is located).   If you want to get into where the documents are actually stored online, you need to contact Moyez Lallani, and he can get you access to Livelink.  Tell him you are in Legal in New York and you need access ASAP.  Then just have your computer guy up there set up up an Icon.
 -----Original Message-----
From: 	Neves, Michael  
Sent:	Thursday, September 13, 2001 1:50 PM
To:	Jones, Tana
Subject:	FW: Financial Trading Agreements

Put this in a safe place!

 -----Original Message-----
From: 	Neves, Michael  
Sent:	Friday, July 13, 2001 10:06 AM
To:	Jones, Tana
Subject:	Financial Trading Agreements

Instructions:

From your Lotus Notes Workspace choose File - Database - Open.  This will bring up the Open Database Dialog (shown below).  In the Server drop down list, choose ""ECTHOU_LN1/ECT"".  Once this is selected, find and double-click on the ""Legal"" folder.  Next, in the Database list, find the ""Financial Trading Agreements"" database and double-click (or click Open).  The database will then be added to your Lotus Notes Workspace.

 << OLE Object: PBrush >> 

Regards,

Mike Neves
Enron Net Works
Corporate Systems Development
michael.neves@enron.com
713-853-3363",,False,MEDIUM,HIGH,MEDIUM,HIGH,LOW
enron_02484,"Megan,

I haven't bought a car yet but I will let you know when I get one. When do we get the stalls in E&Y?

Chris

 -----Original Message-----
From: 	Scott, Megan  
Sent:	Friday, September 21, 2001 2:48 PM
To:	Dorland, Chris; Johnston, Greg; Lawrick, Clifford; Oh, Grant; Sangwine, Howard
Subject:	Enrst & Young Tower Parking

Good Afternoon:

I am in the process of setting up your new parking stalls for the Ernst & Young Tower.  Please e-mail me a list of all cars you may drive to work.  I will need your licence number and a description of the car.

Thank you,

Megan Scott
Enron Canada Corp.
3500, 400 - 3rd Ave SW
Calgary, AB  T2P 4H2

Phone:    (403) 974-6700
Fax:         (403) 974-6991
E-Mail:   Megan.Scott@enron.com",,False,MEDIUM,HIGH,MEDIUM,HIGH,LOW
enron_02585,"Neartown neighbors,

This thing w/ Reliant-HL&P (R-H) is not over. Right now I'm talking w/ various officeholders w/ this approach....if R-H has permits and plan approval from all levels of government, how come you didn't tell me/us about what they were going to do in Montrose?

What is this 10 year plan I keep hearing about? What do you know about the plan and how does that impact Montrose?

Expecing answers next week and a response to staging a meeting w/ all of us and R-H to respond to our direct questions. 

Also asked DDanberg to do w/ R-H what she did w/ TX Dept of Transportation and the SW Freeway and the bridges. Bring us all together in one room. Not w/ p.r. people but w/ decision makers.

Need one, maybe two committed volunteers to comunicate w/ R-H and the politicians. Someone(s) I can appoint to a task force on this issue. Maybe a liitle face time, mostly lots of phone and fax work. Need well mannered persistance to contrast my crabby aggression. That's worked w/ other issues.

Call, e-mail to discuss if you would like to step up to this.

Thanks

Ed Gonzales
Neartown Association, 2001-02 president
713-526-2759        pg713-616-0800   
fax713-529-4592   edgonzales@EV1.net
1518 Morse, Houston, TX 77019",,False,MEDIUM,HIGH,MEDIUM,HIGH,LOW
enron_02678,"-----Original Message-----
From: 	""BENNETT YOUNG"" <BYOUNG@LLGM.COM>@ENRON [mailto:IMCEANOTES-+22BENNETT+20YOUNG+22+20+3CBYOUNG+40LLGM+2ECOM+3E+40ENRON@ENRON.com] 
Sent:	Tuesday, September 04, 2001 3:36 PM
To:	Huddleson, Diann; Sager, Elizabeth; Steffes, James D.; Mellencamp, Lisa; Tribolet, Michael; Williams, Robert C.; Hall, Steve C. (Legal); vsharp@enron.com; Curry, Wanda; William.bradford@enron.com
Cc:	CARL EKLUND; John Klauberg
Subject:	Attached Files

I enclose the EPMI, ENA and ECC riders revised per my calls with Liz today.

The claims must be filed by September 5; please call ASAP with comments.

Ben Young


Bennett G. Young
One Embarcadero Center, Suite 400
San Francisco, California 94111
(415) 951-1167
byoung@llgm.com


==============================================================================
This e-mail, including attachments, contains information that is confidential and may be protected by the attorney/client or other privileges.  This e-mail, including attachments, constitutes non-public information intended to be conveyed only to the designated recipient(s).  If you are not an intended recipient, please delete this e-mail, including attachments, and notify me.  The unauthorized use, dissemination, distribution or reproduction of this e-mail, including attachments, is prohibited and may be unlawful.

==============================================================================
 - RIDERTOE.DOC 
 - ridertoE.DOC 
 - ridertoE.DOC",,False,HIGH,MEDIUM,HIGH,MEDIUM,LOW
enron_02728,"Have tax problems? Do you owe the IRS money? We can help!
Our licensed agents can help you with both past and present
tax debt. We also deal with more than just taxes, such as:

- Tax Preparation
- Audits
- Seizures
- Bank Levies
- Asset Protection
- Audit Reconsideration
- Trust Fund Penalty Defense
- Uncollectible Status
- Penalty Appeals
- Penalty Abatement
- Wage Garnishments
.. and more!

To receive FREE information on tax help, please fill out the
form below. There are no obligations, and supplied information
is kept strictly confidential. Please note that this offer
only applies to US citizens. Application processing may take
upto 10 business days.

**********

Full Name:
Address:
City:
State:
Zip Code:
Home Phone:
Work Phone:
Best Time to Call:
E-Mail Address:
Estimated Tax Debt Size:

**********

Thank you for your time.


Note: If you wish to receive no further advertisements
regarding this matter or any other, please reply to this
e-mail with the word REMOVE in the subject.",,False,LOW,HIGH,LOW,HIGH,MEDIUM
enron_02751,"Sheila:

Thanks.  Marie and I will handle.  Sara

 -----Original Message-----
From: 	Glover, Sheila  
Sent:	Thursday, September 06, 2001 12:38 PM
To:	Shackleton, Sara; Heard, Marie; Nelson, Cheryl
Cc:	Brogan, Theresa T.; Charania, Aneela
Subject:	FW: NEW ACCOUNT PAPERWORK

Sara, Cheryl and Marie,
This is the documentation for the Executing Broker relationship with Keefe, Bruyette & Woods.  This is for ECT Investments, Inc. only and should be for BS, MSDW and GS as clearing brokers.
Thanks. Sheila

 -----Original Message-----
From: 	""Wallendorf, JeanMarie"" <JWallendorf@kbw.com>@ENRON [mailto:IMCEANOTES-+22Wallendorf+2C+20JeanMarie+22+20+3CJWallendorf+40kbw+2Ecom+3E+40ENRON@ENRON.com] 
Sent:	Thursday, September 06, 2001 11:42 AM
To:	Glover, Sheila
Subject:	NEW ACCOUNT PAPERWORK

Sheila,

This is the account paperwork that we spoke about. If something does not
apply let me know. The legal contact is Karen Jackson (212)323-8509.
If you have any questions please feel free to contact me. (212)323-8450
 <<Corp Res.pdf>>  <<FREERIDING>>  <<DVPWORKSHEET>>  <<Full Trading
Authorization.doc>>

> Thank You,
> Jeanmarie Wallendorf
>
>
>
> This communication is confidential and is intended solely for the
> addressee.  It is not to be forwarded to any other person or copied
> without the permission of the sender.  Please notify the sender in the
> event you have received this communication in error.  This communication
> is not an offer to sell or a solicitation of an offer to buy any
> securities discussed herein.  Keefe, Bruyette & Woods, Inc. makes no
> representation as to the accuracy or completeness of information contained
> in this communication.
>
>
>

 - Corp Res.pdf << File: Corp Res.pdf >> 
 - FREERIDING << File: FREERIDING >> 
 - DVPWORKSHEET << File: DVPWORKSHEET >> 
 - Full Trading Authorization.doc << File: Full Trading Authorization.doc >>",,False,MEDIUM,HIGH,MEDIUM,HIGH,LOW
enron_02777,"A  conference call has been scheduled for 10:00 A.M. today to discuss last 
weeks  meetings in Washington.??Information regarding access to this call is  
below:
?
??? Dial-in  number:???????????  1-877-322-9654
??? Part.  Code:???????????????????  111756
?
Carol  Hudson
IEP
?",,False,HIGH,LOW,HIGH,LOW,MEDIUM
enron_02843,"yeah, i got it.  thank you.

I  can go but I was waiting to hear from Shanna to see if she can go

I will let you know

love,
e




""K. Bass"" <daphneco64@bigplanet.com> on 08/31/2000 08:31:10 AM
Please respond to ""K. Bass"" <daphneco64@bigplanet.com>
To: ""Bass, Jason"" <Jason.Bass2@COMPAQ.com>, Eric Bass <Eric.Bass@enron.com>
cc: ""Larry W. Bass"" <lwbthemarine@bigplanet.com> 
Subject: Merry Christmas



Hi Boys,
?
Your father and I have decided to tell you what  your Christmas present is 
early.? We will provide to each of you roundtrip  airfare, lodging, groceries 
at the condo, car and lift tickets for our ski  trip.? We are not certain 
where we will go but have selected the  dates.? We will leave Houston on 
Sat., 12/09 and return Thursday  12/14.? Now, what we need to know as soon as 
possible, i.e., today, so that  we can book the air.? If you will accept our 
Christmas present, accompany  us at this time and whether we should book 
airfare for 4, 5 or 6.? (I need  to know the ages of the girls.)? The airfare 
costs will be $300-$500.?  If I book it for 4 or 5, the tickets need to be 
paid for within 30  days.
?
Merry Christmas.? Let us hear from  you.
?
Love, Mom and Dad",,False,MEDIUM,HIGH,MEDIUM,HIGH,LOW
enron_02895,"Do any of you have any problems with keeping these trades as they are now that we've figured out what they are.  If not we'll just keep them as they were...
 -----Original Message-----
From: 	Mulvany, Patrick  
Sent:	Tuesday, October 23, 2001 2:47 PM
To:	Jones, Tana
Cc:	Anderson, Diane; Bradford, William S.; Brackett, Debbie R.
Subject:	RE: Riskmantra vs. EGM

Tana,

These deals are purely for storage.  They used tagg to capture the value of storing the physical gas.  Pat Ryder in Risk Management put these deals in and has told me they are used for value and should be ""Not to be Confirmed.""  If you see no issue, I will simply change their status to ""Not to be Confirmed.""  If their status of being under EGM is still a problem, Pat said you could call him at 5-3313.  


Thanks,

Patrick

 -----Original Message-----
From: 	Jones, Tana  
Sent:	Friday, October 19, 2001 6:34 PM
To:	Bradford, William S.; Mulvany, Patrick; Brackett, Debbie R.
Cc:	Anderson, Diane; Moran, Tom
Subject:	RE: Riskmantra vs. EGM

Patrick,

Can we track down who/how these trades are getting entered into the system?  Is there someone entering the trades into the system?  Is this just an old counterparty/book set up in GCP that needs to get renamed.  Legal (me) has no idea why trades are being done out of EGM.  Can we find out who is doing them?

 -----Original Message-----
From: 	Bradford, William S.  
Sent:	Friday, October 19, 2001 3:58 PM
To:	Mulvany, Patrick; Jones, Tana; Brackett, Debbie R.
Cc:	Anderson, Diane; Moran, Tom
Subject:	RE: Riskmantra vs. EGM

I think this refers to gas daily trades between Risk Management and Trade (which is an Enron entity set up for state tax reasons) and EGM (which may be a company code for Enron North America Corp. formerly known as Enron Gas Marketing, Inc.).  If this is the case, we should document them under the Master between ENA and RMT.  However, this is up to Legal.

Bill

 -----Original Message-----
From: 	Mulvany, Patrick  
Sent:	Friday, October 19, 2001 3:48 PM
To:	Jones, Tana; Brackett, Debbie R.; Bradford, William S.
Cc:	Anderson, Diane
Subject:	FW: Riskmantra vs. EGM

Here is a list of all the trades with EGM.

Thanks,

Patrick 
Financial Confirmations
53877


 << File: export.csv >> 


 -----Original Message-----
From: 	Jones, Tana  
Sent:	Friday, October 19, 2001 12:36 PM
To:	Mulvany, Patrick; Anderson, Diane
Subject:	FW: Riskmantra vs. EGM


I also got an email back from Bill Bradford, head of Credit that siad this doesn't make sense.  Maybe you need to prepare a print out of the trades and send to debbie, me & bill.
 -----Original Message-----
From: 	Brackett, Debbie R.  
Sent:	Friday, October 19, 2001 9:28 AM
To:	Jones, Tana
Subject:	RE: Riskmantra vs. EGM

	No idea. EGM doesn't exist.

 -----Original Message-----
From: 	Jones, Tana  
Sent:	Thursday, October 18, 2001 6:42 PM
To:	Brackett, Debbie R.; Bradford, William S.; Campbell, Lesli; Conwell, Wendy; Espinoza, Veronica; Johnson, Rudwell; Lebrocq, Wendi; Mendoza, Nidia; Moran, Tom; Ngo, Tracy; Radous, Paul; Rohauer, Tanya; Sacks, Edward; Vanek, Darren; Williams, Jason R (Credit)
Cc:	Mulvany, Patrick
Subject:	FW: Riskmantra vs. EGM


Does anyone in Credit know the answer to this question, as I don't?
 -----Original Message-----
From: 	Mulvany, Patrick  
Sent:	Thursday, October 18, 2001 5:52 PM
To:	Jones, Tana
Cc:	Anderson, Diane
Subject:	FW: Riskmantra vs. EGM

Tana,

I was just following about these trades.

 -----Original Message-----
From: 	Mulvany, Patrick  
Sent:	Wednesday, October 10, 2001 5:36 PM
To:	Jones, Tana
Cc:	Anderson, Diane
Subject:	Riskmantra vs. EGM

Tana,

There are about 20-30 deals in pending sent to legal status that are Riskmantra vs. EGM.  My question is should we even be doing trades with Enron Gas Marketing.  And if we should, can we set up an ISDA with RMT with an effective date of 9/5/01?

Thanks,

Patrick",,False,MEDIUM,HIGH,MEDIUM,HIGH,LOW
enron_02983,"George,

Deal # 752482 has been edited to reflect HPL meter # 9889.  Initially, the deal was created with the location of Gulf Coast Pipeline Company.

Bob


   
	Enron North America Corp.  From:  George Weissman                           05/03/2001 11:01 AM	
		


To:	Karl Stewart/HOU/ECT@ECT
cc:	Robert Cotten/HOU/ECT@ECT, Donna Consemiu/HOU/ECT@ECT, Melissa Graves/HOU/ECT, Cynthia Hakemack/HOU/ECT@ECT 
Subject:	Gulf Coast Pipeline Company
Dyersdale Area, Harris Co., TX
Meters 4555, 6677, 9618 & 9889

Karl, please activate meter 098-9889 so that Bob can attach deal 752482 to it.  George 713.571.3159


---------------------- Forwarded by George Weissman/HOU/ECT on 05/03/2001 10:54 AM ---------------------------
   
	Enron North America Corp.  From:  George Weissman                           05/02/2001 04:32 PM	
		


To:	Robert Cotten/HOU/ECT@ECT
cc:	Mike Morris/Corp/Enron@ENRON, Melissa Graves/HOU/ECT, Cynthia Hakemack/HOU/ECT@ECT 
Subject:	Gulf Coast Pipeline Company
Dyersdale Area, Harris Co., TX
Meters 4555, 6677, 9618 & 9889

Bob,

The transport rates established for the meters subject to the 6/1/96 Gas Gathering Agreement between Gulf Coast Pipeline Company and Houston Pipe Line Company (96008709) were for staggered periods of time - thus the rate established for 6677 ended on 2/28/2001, the rate established for 4555 and 9618 ended on 4/30/2001 and there was no rate established for 9889 due to its recent set up.  The rates for the period subsequent to the end dates for the first three meters are set forth below; the rate for 9889 was agreed to by the parties for May only.  Please make sure that the proper transport rate is attached to each sitara deal as follows:

	meter 6677	sitara 166026	Lynx Energy Company, Inc.		$0.20 for March, $0.65 for April and May
	
	meter 4555	sitara 139067	Danex Energy Company		$0.65 for May

	meter 9618	sitara 138233	Gulf Coast Pipeline Company		$0.65 for May

	meter 9889	sitara 752482	D & P Operating Company		$0.65 for May

The 6/1/96 Gas Gathering Agreement has been terminated effective 5/31/01 and will be replaced by an Agreement dated 6/1/01 between Gulf Coast Pipeline Partners, L.P. and Houston Pipe Line Company.

George 713.571.3159

---------------------- Forwarded by George Weissman/HOU/ECT on 05/02/2001 02:43 PM ---------------------------


Michael W Morris
05/02/2001 02:14 PM
To:	George Weissman/HOU/ECT@ECT
cc:	 
Subject:	Transport rates on Gulf Coast Pipeline Partners


George,
I informed you incorrectley on the transport rates on Gulf Coast for March, April, & May.
This is how it should be: 
                                                  Meter 6677
                                                                     March rate $.20
                                                                     April rate    $.65
                                                                     May rate    $.65
                                                  Meter 4555
                                                                     May rate     $.65
                                                  Meter 9618
                                                                    May rate    $.65

We need to amend the current Gulf Coast contract to reflect these changes. I told Tom Cones
we would have this amendment to him the first of next week.",,False,MEDIUM,HIGH,MEDIUM,HIGH,LOW
enron_02998,"I know the following goes without saying, but I wanted to highlight a few 
specific points relevant to this transaction.

As all of you know, the sale of Brownsville and Caledonia to Cinergy was 
recently announced.  As the press release indicated, the terms of the 
transaction were not released.  While Allegheny (with the sale of the 2000s) 
took the same position in its announcement, the purchase price was 
subsequently released to the market (by Allegheny).  Cinergy and Enron both 
agreed in the Purchase and Sale Agreement, to not release the price and terms 
without the other's consent (i.e. THE PRICE AND TERMS WILL REMAIN 
CONFIDENTIAL). 

To the extent legally permitted, Cinergy will not release the price as part 
of its regulatory filings, and in fact, will redact the price from all of its 
filings.  If, through your involvement in this process, you inadvertently 
learned the price, you must keep it to yourself.  As we all know, information 
moves around this organization very quickly.  With two deals on very similar 
assets in the market at once (Allegheny and Cinergy), it only makes sense to 
contain the external flow of information.

By the way, both transactions should close March/April 2001.

Thanks for your help in this process, and your co-operation in keeping this 
information confidential.

Regards,

Don
3-0492",,False,LOW,HIGH,LOW,HIGH,MEDIUM
enron_03234,"For your information.  I still think we can do better than this.




A J Mohring <amohring@juno.com> on 05/07/2001 09:36:35 PM
To: Stanley.Horton@enron.com
cc:  

Subject: Retirement


May 7, 2001


Stan Horton
Chairman and Chief Exective Officer

Dear Mr. Horton:

Thank you for your letter of congratulation on my recent retirement.

I would like to make a suggestion, for the retirement plan for others.

        When the 27 page retirement letter is sent, that a time table of
when items will be in place or transferred         be included. (3-9
months or when)

        Medical Forms can't be put in now until after you leave.  I went
back to the office to HR and they put         the information in the
system.  Two weeks after I left I called to see when I would receive the
card (Dr.         offices like to see the card).  I was tolled I wasn't
even in the system.  So I called back to Omaha HR         and they worked
to get it in place.  When I went to get a RX  I was not in that system
either and had to         come home and call HR and start over with that
system.

        The only part of the funds that are transferred as of this date
is the Cash Balance Plan.  The Savings         Plan and ESOP are not
transferred to my Financial Plan.  They tell me they will be; this is why
I feel           a timeline would be helpful.  Until I received my
Medical Card I put off going to the Dr.  Also I haven't         wanted to
take a trip because, I am unsure of when funds will be transferred.

         Last week I received a letter from a transfer Company out of NY.
with (2) shares of  ENRON                 stock.  So I called NY to see
what Fund that was from,  they didn't know they were just to set up a
    account.  I called the Enron retirement line and they didn't know
what Fund that was from either.

        Many of the people who answers the phones about any of this just
don't have answers.

ENRON employees have been well taken care of while we are working, this
doesn't seem like that in retirement.  I share this because I know your
are always working to improve ENRON.

Sincerely,

Jean Mohring
________________________________________________________________
GET INTERNET ACCESS FROM JUNO!
Juno offers FREE or PREMIUM Internet access for less!
Join Juno today!  For your FREE software, visit:
http://dl.www.juno.com/get/tagj.",,False,HIGH,MEDIUM,HIGH,MEDIUM,LOW
enron_03237,"OK, I'll plan on that then. Send all the stuff my way.

c

Dylan Windham wrote:

> Christine,
>
> That is fine if you want to to this one.  We can just switch the schedule
> by one week.
>
> --Dylan
>
> At 02:18 PM 11/8/00 -0800, Christine Piesco wrote:
> >Based on the rescheduling of last week's case, am I coordinating this week
> or is Dylan, just so I know what the
> >plan is? I volunteered Monday night to coordinate since I haven't taken a
> shift at it yet, but I wanted to verify
> >that.
> >
> >Christine
> >
> >Jeff.Dasovich@enron.com wrote:
> >
> >> Based on last nite's discussion, here's the coordinator list:
> >>
> >>    Christine--11.6--Teltronica
> >>    Dylan--11.13--Nutra
> >>    Kim--11.1--Agro Feed
> >>    Jeff--11.27--Global Industries
> >>    Jimmie--12.4--Daimler-Benz
> >>
> >> We also decided that:
> >> 1) we'd continue with the SF/East Bay split
> >> 2) each group should combine the answers into one document prior to 
sending
> >> to the coordinator for final compilation
> >> 3) we'd distribute draft answers to the entire group, since some 
questions
> >> feed off of others
> >> 4) we'd get finalized responses to the coordinator no later than 4 PM on
> >> Sunday
> >>
> >> Let me know if this tracks with others' memories.
> >>
> >> Best,
> >> Jeff
> >>
> >>
> >>                     Christine Piesco
> >>                     <christine.piesco@o        To:     Kimberly Kupiecki
> <kkupiecki@arpartners.com>
> >>                     racle.com>                 cc:
> Jeff.Dasovich@enron.com, dwindham@uclink4.berkeley.edu,
> >>
> jjackson@haas.berkeley.edu, jcjcal02@aol.com
> >>                     10/09/2000 01:49 PM        Subject:     Re: Teams
> >>
> >>
> >>
> >> I assume you all have already exchanged contact information. Mine is 
below,
> >> if
> >> there is a list of everyone's phone numbers could someone please forward 
it
> >> to
> >> me?
> >>
> >> Home: 415-928-7487
> >> Cell: 650-740-1097
> >> Work: 650-506-3640
> >>
> >> Thanks,
> >> Christine
> >>
> >> Kimberly Kupiecki wrote:
> >>
> >> > Hi Christine,
> >> >
> >> > We have been doing the cases via email up to this point.  We typically
> >> > divide up the questions and send each other our responses.  One team
> >> member
> >> > takes the lead on creating the ""hand in"" document.
> >> >
> >> > Cheers,
> >> >
> >> > At 04:42 PM 10/4/00, Christine Piesco wrote:
> >> > >Glad to be aboard! When are we meeting? I am on campus Monday-Weds.
> >> > >
> >> > >Christine
> >> > >
> >> > >Jeff.Dasovich@enron.com wrote:
> >> > >
> >> > > > Christine:
> >> > > >
> >> > > > Sorry I haven't replied sooner.  Crazy day.  Consider yourself the
> >> 5th
> >> > > > member of our team---but remember, no warranties included.
> >> > > >
> >> > > > Best,
> >> > > > Jeff
> >> > >
> >> > >--
> >> > >Christine Piesco
> >> > >Industrials Account Manager
> >> > >Oracle Corporation
> >> > >500 Oracle Parkway
> >> > >Redwood Shores, CA 94065
> >> > >Phone: (650) 506-3640
> >> > >Fax: (650) 633-3753
> >> > >christine.piesco@oracle.com
> >> > >
> >> >
> >> > Kimberly Kupiecki
> >> > Senior Account Executive
> >> > A&R Partners
> >> > kkupiecki@arpartners.com
> >> > (650) 762 2800 main
> >> > (650) 762 2825 direct
> >> > fax (650) 762 2801
> >>
> >> --
> >> Christine Piesco
> >> Industrials Account Manager
> >> Oracle Corporation
> >> 500 Oracle Parkway
> >> Redwood Shores, CA 94065
> >> Phone: (650) 506-3640
> >> Fax: (650) 633-3753
> >> christine.piesco@oracle.com
> >>
> >> (See attached file: christine.piesco.vcf)
> >
> >Attachment Converted:
> ""C:\PROGRA~1\eudora\windham\attach\christine.piesco9.vcf""
> >

 - christine.piesco.vcf",,False,MEDIUM,HIGH,MEDIUM,HIGH,LOW
enron_03242,"You will have access soon - Stephanie will send you your ID's and passwords.

We have a lot of work to do in there - so we don't want everyone in there quite yet.  The problem is - if traders are playing with the products while we are trying to re-build the products and data elements with UBS names - we are going to have issues.

The other thing I want to make sure everyone understands - this is our new production data base - not a test data base.  
There are a limited number of authorized users assigned to ""testing"" or playing around with the data - and they are responsible for cleaning it up too.   
We will allow people to play for the simulation only.

Once we finish building our UBS production data base - we will the copy it to our test data base - and resume our bridge testing from there to the other test environments (our test environment still has the old Enron data).     




 -----Original Message-----
From: 	Keiser, Kam  
Sent:	Monday, February 04, 2002 3:18 PM
To:	Engel, Tom
Subject:	EOL access

Tom,

Everyone in risk management needs to get access to EOL bridge monitor and reports.  What do we need to do to get this and how soon can it be granted?  We need this by Thursday to be prepared for testing.

Thanks

Kam",,False,HIGH,MEDIUM,HIGH,MEDIUM,LOW
enron_03287,"****NEW -- priceline.com announces FREE long distance!*****
Get 60 FREE long distance minutes when you buy 60 minutes
or more.  That's one hour of long distance calling to
anywhere in the U.S., absolutely FREE! Click here now:
http://www.priceline.com/promo/buy60.asp
***********************************************************
Dear MATHEW D SMITH,

We have an answer for you regarding your hotel request!

Please click on the link below for all the details:
http://www.priceline.com/hotels/checkstatus/default.asp?id=31214097209

If you wish, you can also go to the priceline.com home page and select ""Hotel Rooms"" in the
""Check Previous Request"" area to get your answer.  Use the hotel request number below to sign in.

Your Priceline Hotel Request Number:  31214097209

Thanks for using priceline.com!  If you have any trouble using the special link above,
please call us toll free at 1-800-657-9168 for assistance.

Sincerely,

priceline.com Customer Service

***************************************************************
Save up to 20% or more on your rental car! You'll get the
type of car you want with unlimited mileage from one of the
top 5 name-brand car rental companies. Click here now:
http://www.priceline.com/RentalCars/itinerary.asp

***************************************************************",,False,HIGH,MEDIUM,HIGH,MEDIUM,LOW
enron_03307,"Dear Larry Campbell:

As a margin account holder, you know how important it is to receive 
information about your account in a quick and timely manner. One of 
the ways we notify customers about a margin call is with a letter, but 
unfortunately that letter often arrives too late for timely action. 
That's why we've decided to stop sending regular mail notification of 
margin calls to our customers. 

E-mail is the fastest way for us to notify you about a margin call. We 
will continue to provide you with speedy e-mail notification, and are 
committed to steadily improving our already top-rated e-mail service. 
Please check your inbox regularly and make sure that the e-mail 
address we have on file for your account is current. 

To update your e-mail address online, simply login to your account and 
select ""Settings"" from the Account Services pull-down menu. Then click 
""User Profile"" and follow the directions to modify your e-mail address. 

We'd like to remind you of your responsibility to remain aware of the 
status of your margin account at all times, and to be prepared to take 
action as soon as conditions warrant. Be fully aware that if at any 
time your account value falls to approximately 10% equity, or if 
market conditions warrant, we reserve the right to close out some or 
all of your positions with or without notice, at our sole discretion. 
For these reasons it is imperative that you monitor your account on a 
regular basis. 

If you have any questions please send e-mail to support@datek.com or 
call Customer Support at 1-800-U2-DATEK. Please call 201-761-7500 if 
you are calling from outside of the United States. 

Sincerely, 

John J. Mullin 
President 
Datek Online Brokerage Services LLC 

P.S. At Datek Online, your privacy is our priority. To view our 
Privacy Statement, go to: 
http://datek1.m0.net/m/u/dtk/d.asp?e=lcampbel%40enron.com

Legal and Disclosure Notices

Customer Agreement
High volume of trading and volatility may result in executions at 
prices significantly away from the quoted or displayed at the time or 
order entry. 

System response and access times may vary due to market conditions, 
system performance and other factors. 


CC-DA22 / #62780",,False,HIGH,MEDIUM,HIGH,MEDIUM,LOW
enron_03415,"What could be a better way to start the year off than getting
that great new car you've been looking at??

Dealers across the nation are pulling out all the stops to put
you in the car, truck or SUV you want!!

Let us show you how much you can save with a FREE online
price quote!!

CLICK HERE: http://www.play4keeps.com/rd.cgi?carbuyer...p4master

Enjoy, and happy car hunting!



<<<>>> <<<>>> <<<>>> <<<>>> <<<>>> <<<>>> <<<>>> <<<>>> <<<>>> <<<>>>
* To remove yourself from this mailing list, point your browser to:
http://i.pm0.net/remove?freebiecash:14
* Enter your email address (don.baughman@enron.com) in the field
provided and click ""Unsubscribe"". The mailing list ID is ""freebiecash:14"".

OR...

* Reply to this message with the word ""remove"" in the subject line.

This message was sent to address don.baughman@enron.com
X-PMG-Recipient: don.baughman@enron.com
<<<>>> <<<>>> <<<>>> <<<>>> <<<>>> <<<>>> <<<>>> <<<>>> <<<>>> <<<>>>





pmguid:39.1fvn.9h08x",,False,MEDIUM,HIGH,MEDIUM,HIGH,LOW
enron_03452,"Reservation status has changed to CONFIRMED. See attachment.

ASSIGNMENT_REF = 30925
SELLER_CODE = AZPS
SELLER_DUNS = 958982563
CUSTOMER_CODE = EPMI  
CUSTOMER_DUNS = 848921276
AFFILIATE_FLAG = 0
PATH_NAME = W/AZPS/AZPS-AZPS/FOURCORNE345 - PNPKAPS230//
POINT_OF_RECEIPT = FOURCORNE345
POINT_OF_DELIVERY = PNPKAPS230
SOURCE = FOURCORNERS3
SINK = PNPK
CAPACITY = 25
CAPACITY_REQUESTED = 25
SERVICE_INCREMENT = HOURLY
TS_CLASS = FIRM
TS_TYPE = POINT_TO_POINT
TS_PERIOD = OFF_PEAK
TS_WINDOW = FIXED
TS_SUBCLASS = WHEEL
NERC_CURTAILMENT_PRIORITY = Nerc Priority 1
OTHER_CURTAILMENT_PRIORITY = Default
START_TIME = 06/21/2002
STOP_TIME = 06/22/2002
CEILING_PRICE = 3.13
OFFER_PRICE = 3.13
BID_PRICE = 3.13
PRICE_UNITS = $/mW  
PRECONFIRMED = YES
ANC_SVC_LINK = N/A
ANC_SVC_REQ = N/A
POSTING_REF = 0
SALE_REF = 
REQUEST_REF = 
DEAL_REF = 
NEGOTIATED_PRICE_FLAG = 
STATUS = CONFIRMED
STATUS_NOTIFICATION = lisa.gang@enron.com
STATUS_COMMENTS = 
TIME_QUEUED = 06/20/2002
RESPONSE_TIME_LIMIT = 
TIME_OF_LAST_UPDATE = 06/20/2002
PRIMARY_PROVIDER_COMMENTS = 
SELLER_COMMENTS = 
CUSTOMER_COMMENTS = for info call (503)464-5070
SELLER_NAME = AZPS
SELLER_PHONE = 602.250.1128
SELLER_FAX = 602.250.1155
SELLER_EMAIL = oasisadm@apsc.com
CUSTOMER_NAME = Enron Power Marketing, Inc.
CUSTOMER_PHONE = (713)853-3801
CUSTOMER_FAX = (713)646-8272
CUSTOMER_EMAIL = bill.rust@enron.com
REASSIGNED_REF = 0
REASSIGNED_CAPACITY = 0
REASSIGNED_START_TIME = 
REASSIGNED_STOP_TIME =",,False,MEDIUM,HIGH,MEDIUM,HIGH,LOW
enron_03463,"I think that we should record one of our ""sessions"" at the deer lease and send it in to some radio station...it would surely be the talk of the Internet world.  I.E.-
 
""Do YOU want to be in?""
""I think Chad is already IN...""
""look at the Batwings on THAT...""
 
-----Original Message-----
From: Fenner, Chet [mailto:Chet_Fenner@bmc.com] 
Sent: Monday, February 18, 2002 8:53 PM
To: 'chad knipe'; Brad Corrier; Joe Parks; EriK Wollam; Brian Constantine; Fenner, Chet
Subject: RE: Radio Prank
 
It's a beautiful world out there.
	-----Original Message-----
	From: chad knipe [mailto:knipe3@msn.com]
	Sent: Monday, February 18, 2002 7:52 PM
	To: Brad Corrier; Joe Parks; EriK Wollam; Brian Constantine; Chet Fenner
	Subject: Fw: Radio Prank
	careful what you say........
	 
		----- Original Message -----
		From: Andy Mullally
		Sent: Monday, February 18, 2002 8:11 PM
		To: Mike Snell (E-mail); Chuck & Lisa Hutchinson (E-mail); David Oubrea (E-mail); Les Parker (E-mail); Mike Scott (E-mail); The Harper's (E-mail); The Boeker's (E-mail); The Knipe's (E-mail 2)
		Subject: Radio Prank
		 
		Be sure and listen to the last sentence. There are a few strong words that
		kids don't need to hear.
		
		
		
		Regards,
		Andy
		Andy Mullally
		281-225-8013",,False,MEDIUM,HIGH,MEDIUM,HIGH,LOW
enron_03672,"Good Luck...

I'll be staying at my parents condo!  Did you talk to your mom?

 -----Original Message-----
From: 	Christopher M Bedford <christopher.m.bedford.gt2r@statefarm.com>@ENRON  
Sent:	Wednesday, October 31, 2001 6:22 AM
To:	Stepenovitch, Joe
Subject:	 


Bird, everything still on for this weekend?  I am in Winter Haven right now, I have a big interview this morning at 11:00.  Just give me a call later, I think I have Friday off.  
Christopher M Bedford 
Sr Agency Field Specialist 
561-627-4164*227 
Cell:561-373-9346 mailto:christopher.m.bedford.gt2r@statefarm.com << File: mailto:christopher.m.bedford.gt2r@statefarm.com >>",,False,MEDIUM,HIGH,MEDIUM,HIGH,LOW
enron_03698,"Frank, where are we on the review you were heading up after our conference call with Dave
	and Measurement?  Looks like more and more customers are questioning our numbers.
	If there is anything we can do to help you out, please let me know.  Thanks. Lynn

 -----Original Message-----
From: 	Floyd, Jodie  
Sent:	Wednesday, November 14, 2001 4:16 PM
To:	Anderson, Gary E.; Adams, Frankie
Cc:	Lagerstrom, Karen; Semin, Frank; Blair, Lynn; Zadow, Raetta
Subject:	Clayton Energy

Gary,  I received a call on 11/13 from Bill Lindley (Clayton Energy) agent for City of Hartley, IA.  Bill was inquiring about the actual daily volume allocations at POI 60551, Meter Number 722015-01.  He incurred about $5,503.35 in DDVC penalties for the month of Oct.  2001 due to daily variances at the TBS.  Bill was asking if the actuals were estimated from the 17th - 31st.  In checking with Frankie the end of the month index readings were used to estimate the volume due to the chart being received after close.  

Bill (Clayton Energy) has requested that we pull the chart(s) and check the reading to verify that the penalties and the daily volume are correct for the month of Oct..  Bill has provided me with the daily readings from his check meter at this TBS to compare with.  This check will determine if the daily volumes need to be reallocated and a PPA generated.  

Give me a call if you have any questions.    

						j.  floyd",,False,MEDIUM,HIGH,MEDIUM,HIGH,LOW
enron_03734,"You definitely have to have patience to deal with all the ""stuff"" around 
here.  It's a good thing I've mellowed. Plus, it's my job.  

Michael is a doll!  I don't think it's supposed to rain on Saturday, but that 
could change at any moment.  The Women's Center needs all kinds of things.  I 
have a friend that works for the United Way and goes over there quite often.  
If you have clothes, they want you to take them to their Resale shop but they 
also need linens, just everything really.  I usually give my things to 
Kristine's church just because I always forget to put them in the truck and 
bring up here.  

I've got next Thursday and Friday on my calendar.  I hope you guys have a 
great time.  21, I remember that, wild child that I was!  Any of the camera 
places should be able to do that enlargement.  I know Wolfe Camera over at 
Allen Center does that type of thing.  I don't know how long it will take to 
get it back.  What exactly do you want to get done, and I'll call and 
inquire.  I'll need the size you want it mounted to also.



	Kay Mann@ENRON
	05/31/2001 09:21 AM
		
		 To: Suzanne Adams/HOU/ECT@ECT
		 cc: 
		 Subject: Re: Yes, they are deducting for parking

This place amazes me!  Thanks for  your help.  I have no patience for it.

We went to Michael's school conference today.  His teacher raved about how 
everyone just loves Michael. He is so sweet.  He is staying with my folks 
this week, and the 3 of us miss him so badly.  I can't wait for him to come 
home.  Neil is going to meet my folks and Michael in Palacios this Friday, 
and spend the weekend there, bringing him home on Sunday.  I've got to take 
Roscoe for his last mange shot, so I'm staying.  Plus, I spent last weekend 
with my folks, and too much exposure doesn't work for us.  I hope to  PURGE 
the house of all the junk I have.  I hope it is raining, because  that is 
great cleaning weather.  I want to see bare space in my closet.  I think I'll 
call the Women's Center and see what type of stuff they need.

I'm planning on taking next Thursday and Friday off.  Next Thursday is 
Paige's 21st birthday, so we have great plans.  Do you know anywhere that can 
enlarge a photo and mount it on a board?

I still get a bill for the card they used previously for my phone.  Go figure.

I need to send off my Tx tax and bar dues today.  I'll want to fed ex, just 
in case you are sending anyone else's today.

Thanks,

Kay


From: Suzanne Adams@ECT on 05/31/2001 09:12 AM
To: Kay Mann/Corp/Enron@ENRON
cc:  

Subject: Re: Yes, they are deducting for parking  

Let me see what I can do.  I can't believe you haven't gotten any kind of 
notice.  

I still need your credit card information for the phone bill.



	Kay Mann@ENRON
	05/31/2001 09:03 AM
		 
		 To: Suzanne Adams/HOU/ECT@ECT
		 cc: 
		 Subject: Yes, they are deducting for parking

How do I get on the list for the form?  Could you pretty please check for me?

Thanks,

Kay",,False,MEDIUM,HIGH,MEDIUM,HIGH,LOW
enron_03809,"Thanks for your help on this. I have asked Twanda to set up a meeting to talk 
about all the matters you have and the potential insurance coverage for the 
Cleveland case.



	Bonnie White/ENRON@enronXgate
	03/30/2001 02:58 PM
		 
		 To: Richard B Sanders/HOU/ECT@ECT, Andrew Edison/NA/Enron@Enron
		 cc: Linda R Guinn/HOU/ECT@ECT
		 Subject: RE: Service of Process - Crown/MCN Arbitration

You will receive this service of process today. I have already spoken with 
Sam Gaufin, Crown Energy's counsel, re the subpoena served on us by MCNIC.  
ENA holds preferred stock in Crown Energy, but, as I understand from talking 
with Dan Lyons, we don't consider it to really have any value.  In any event, 
I will make sure that Sam knows what we are producing before it is produced, 
and I have made arrangements for a protective order with respect to any Enron 
confidential information (although thus far I have seen only a little that 
would fall into that category).  Let me know if you have any 
questions/comments.

 -----Original Message-----
From:  Arnold, Gay  
Sent: Friday, March 30, 2001 1:36 PM
To: Sanders, Richard
Cc: Guinn, Linda; White, Bonnie; Studdert, James
Subject: Service of Process - Crown/MCN Arbitration

The following documents, received today, have been forwarded for your 
immediate attention:

 Letter from Berman, Gaufin, Tomsic, Savage & Campbell to Enron Capital & 
Trade Resources Corp.
 re:  Crown/MCN Arbitration


PLEASE ADVISE IF NOT RECEIVED WITHIN 1 BUSINESS DAY.


Thank you !!

Gay Arnold
Enron Litigation Unit, EB 4829
(713) 853-6612
(713) 853-6576 (fax)
Gay.Arnold@enron.com",,False,HIGH,MEDIUM,HIGH,MEDIUM,LOW
enron_03874,"David, nothing needed on your end at this time by Corporate Risk Management, other then receipt of vehicle information that I requested earlier in the week from Tony.  If this changes, we will let the litigators know, especially Bob Vote who oversees the Nepco matters for the Litigation Unit.  Thanks,

Rob Cole, Manager-Claims
Enron Corp. - Global Risk Markets
P.O. Box 1188 (77251-1188)
1400 Smith Street, EB2136F
Houston, Texas  77002
713-853-7739 (telephone)
713-646-2341 (facsimile)
Rob.Cole@Enron.com (email)
6:30a.m. - 4:00p.m. c.s.t. (hours)


 -----Original Message-----
From: 	Brownfeld, Gail  
Sent:	Friday, October 26, 2001 12:33 PM
To:	Carter, Tracy; Sanders, Richard B.; Kisluk, Eileen; Lund, David; Vote, Robert; Cole, Rob
Subject:	RE: service of process/ Keiffer Request for Insurance Info

	That being the case, I'd ask that David confirm that he's OK with this course of action and that we (the litigators) don't need to be doing anything in connection with this at this time. 

 -----Original Message-----
From: 	Carter, Tracy  
Sent:	Friday, October 26, 2001 12:29 PM
To:	Brownfeld, Gail
Cc:	Sanders, Richard B.; Kisluk, Eileen; Lund, David; Vote, Robert; Cole, Rob
Subject:	RE: service of process/ Keiffer Request for Insurance Info

Gail,

Eileen is out of the office today; however, I have confirmed that Rob Cole of Corporate Risk Management is handling this matter directly with the insurance carrier, Travelers.  Risk Management is not, at this time, retaining the Litigation Unit to assist with the claim.  It is my understanding that an acknowledgement letter has been sent in response to the Keiffer letter and Rob Cole is working with NEPCO's safety director, Tony Blair-Softich, to obtain additional necessary information.  

Please let us know if we can be of further assistance.

Tracy L. Carter
Senior Legal Assistant
Enron Litigation Unit
713-853-4899
tracy.carter@enron.com

 -----Original Message-----
From: 	Brownfeld, Gail  
Sent:	Friday, October 26, 2001 11:31 AM
To:	Kisluk, Eileen; Lund, David
Cc:	Sanders, Richard B.
Subject:	RE: service of process/ Keiffer Request for Insurance Info

Eileen,
	I have reviewed the letter and, to the extent that this involves a personal injury/insurance issue, It sounds like it falls  within your area of responsibility.  Please confirm that this is correct and that your group will work with David and the folks at NEPCO to sort out what needs to be done to respond. It may be that the subject coverage is with NEPCO and there won't be much if anything for you to do.
	David, please confirm that you have received the referenced letter, let me know whether you have information about this fellow sufficient to identify the insurance information requested, and also let me know if I can do anything to assist.  
	Thanks.

 -----Original Message-----
From: 	Sanders, Richard B.  
Sent:	Friday, October 26, 2001 8:39 AM
To:	Brownfeld, Gail; Kisluk, Eileen; Lund, David
Subject:	FW: service of process

I have forwarded a copy of this letter to each of you.It involves a wrongful death claim. Gail-- please coordinate.

 -----Original Message-----
From: 	Stephens, Becky  
Sent:	Tuesday, October 23, 2001 4:10 PM
To:	Sanders, Richard B.
Cc:	Guinn, Linda R.; Vote, Robert; Robichaux, Lisa
Subject:	service of process

The following original documents, received today, have been forwarded for your immediate attention:

Dennis Floyd Keiffer - DOL: 2/22/01.  LETTER DATED 10/16/01 RE UNDERINSURED MOTORIST CLAIM to Enron Corp. (NEPCO employee per Rob Cole) by regular mail on 10/22/01.

PLEASE ADVISE IF NOT RECEIVED WITHIN 1 BUSINESS DAY.

Thank you !!

Becky A. Stephens
Support Services Coordinator
Enron Litigation Unit, EB4809
713/853-5025
713/853-6576 (fax)
Becky.Stephens@enron.com",,False,HIGH,MEDIUM,HIGH,MEDIUM,LOW
enron_03881,"Hi Marie -- I had come around to touch base with you on this but had missed you.  When this revised template is available, will you be able to help by installing the references to the various master contracts between Enron afilarttes and AEP which would be referenced?  Ed Sacks is our credit contact.  I will touch base with you on this -- I am hoping to get copies of those underlying masters also (I already have the wholesale power masters, and can provide you a copy of each, if you need them). Thanks. --David 

 -----Original Message-----
From: 	Portz, David  
Sent:	Wednesday, October 31, 2001 11:51 AM
To:	Cook, Mary
Subject:	RE: Master Netting Without Margin/Collateral Provisions

Thanks for the update.  Your draft will used with AEP, which is on a fast time frame. --David

 -----Original Message-----
From: 	Cook, Mary  
Sent:	Wednesday, October 31, 2001 11:46 AM
To:	Antonoff, Rick; Aronowitz, Alan; Clark, Morris; Davis, Angela; Del vecchio, Peter; Douglas, Stephen H.; Evans, Mark (London Legal); Gray, Barbara N.; Hansen, Leslie; Heard, Marie; Hendry, Brent; Hodge, Jeffrey T.; Jones, Tana; Kalembka, Lech; Keohane, Peter; Koehler, Anne C.; Leite, Francisco Pinto; McCullough, Travis; Mellencamp, Lisa; Murphy, Harlan; Murray, Julia; Nemec, Gerald; Portz, David; Rohauer, Tanya; Sager, Elizabeth; Sayre, Frank; Shackleton, Sara; Simons, Paul; St. Clair, Carol; Van Hooser, Steve; Viverito, John; Williams, Jason R (Credit)
Subject:	Master Netting Without Margin/Collateral Provisions
Importance:	High


I am currently working on a form for the master netting without the CSA.  It is somewhat complicated--so if you have such a request, please await the new form.  Do not try to do it yourself.  Thank you.

Cordially,
Mary Cook
Enron North America Corp.
1400 Smith, 38th Floor, Legal
Houston, Texas 77002-7361
(713) 345-7732
(713) 646-3393 (fax)
mary.cook@enron.com",,False,HIGH,LOW,HIGH,LOW,MEDIUM
enron_03931,"Do you owe money? Is it getting troublesome keeping track
of all those bills and whom you owe how much and when? Would
it not be easier if you could just make 1 monthly payment
instead of several? We can help!

  If your debts are $4,000 US or more and you are a United
States citizen, you can consolidate your debt into just one
easy payment! You do not have to own a home, nor do you need
to take out a loan. Credit checks are not required!

  To receive more information regarding our services, please
fill out the form below and return it to us, or provide the
necessary information in your response. There are absolutely
no obligations. All the fields below are required for your
application to be processed.

**********

Full Name :
Address :
City :
State :
Zip Code :
Home Phone :
Work Phone :
Best Time to Call :
E-Mail Address :
Estimated Debt Size :

**********

Please allow upto ten business days for application
processing.

Thank You


Note: If this e-mail arrived to you by error, or you wish
to never receive such advertisements from our company,
please reply to this e-mail with the word REMOVE in the
e-mail subject line. We apologize for any inconveniences





4uc5",,False,LOW,HIGH,LOW,HIGH,MEDIUM
enron_03958,"I posted the April TW capacity.

11:50 AM  left a voicemail for Russell Williamson at BP Amoco

11:52 AM left a voicemail for Robert Eason at Burlington

Julie Reames is on maternity leave for 12 weeks .",,False,HIGH,LOW,HIGH,LOW,MEDIUM
