text_id,gold,pred,correct,status,q,native_confidence,p_LOW,p_MEDIUM,p_HIGH,input_tokens,latency_s,attempts,error,mean_rating,num_ratings,text
243,HIGH,MEDIUM,False,ok,0.92,0.88,0.02,0.92,0.06,815,0.3205,1,,4.1111,54,Hi.We had sex in morning and night two days before .Dr gave me injection to rapture egg on same night. Yesterday also dr checked that egg is well raptured..so is there any chance to get pregnant.. We had not done sex after injection given by dr.pl help and suggest.
182,HIGH,MEDIUM,False,ok,0.92,0.87,0.06,0.92,0.02,1940,0.4116,1,,3.5686,51,"About a year-and-a-half ago I applied for my first job. It was a chain grocery store that needed a lot of help at the time. Upon arriving to introduce myself to the manager I immediately decided that I wanted to work there because I was very attracted to one of the guys who was working at the time. It was the weirdest sort of attraction I've ever felt in my life. I don't believe in love at first sight. Mostly because I was inexperienced and never had a crush that lasted more than six months. Even when I did have crushes, I was never able to picture myself spending my life with them. It was almost as if I was self-aware about the fact that it was only an infatuation and wouldn't last, especially once I got to know them better.  But for some  reason when I saw this guy I had the strangest thought that I was going to be in love with him for the rest of my life. And here I am still gushing over him.  I ended up getting the job and was really excited to get to know him better. He turned out to be really nice and funny. I was so obvious that I'm pretty sure he figured out that I had a thing for him fairly early on. I put him so high on a pedestal that I was terrified of asking him out and ended up having a fling with another guy from that job. But the whole time I still longed for the man I knew that I was in love with (I'm gonna call him ""Al"" from now on). Especially since my summer fling ended up being an unbelievably abusive user. That was around the time I found out that Al was joining the military the next year. I was devastated.  That asshole ended up having to switch stores and after I recovered from the trauma and the store rumors about me started to die down, my friend that also worked at the store convinced me to confess to Al before he left. I did. He responded by telling me that he already knew and that he liked me as well, but because of the timing a relationship just wasn't in the cards. I took it as well as I could and we remained friendly.  We hung out more often and eventually built up a friend group made up of some of our coworkers. I was sad to know that Al was going to leave within a few months but I knew that it didn't  necessarily mean that I would never see or talk to him again. Thats what I would tell myself to make it feel better.   All of our friends easily picked up on the fact that I was madly in love with the guy. We all decided to go on a vacation together for a few days before he left.   That vacation was probably the happiest few days of my life.  We were always flirty at work but this vacation went wayyy beyond that. He acted really different. He would cuddle up close to me, comment on my breasts, and randomly kiss me when we were alone. We all had our own beds but he chose to sleep right next to me. It was so intoxicating and I felt like everything was falling into place, just like when everyone tells you that it eventually will.  On the last night of our vacation we ended up having sex. It was pretty much exclusively initiated by him. And it was both the best and worst thing that ever happened to me. I felt euphoric and knew at that moment that I was in too deep. The feeling of loneliness and temporariness crept up on me and I had a feeling that this could only end badly for me.  The next day he went right back to acting like a friend. And he stayed acting like that for the next few weeks until he left. He was really busy and the last thing that I wanted to do was bother him about taking a chance with a relationship. We threw a party for him for his last week with us but I ended up getting really drunk and crying the whole night. I couldn't even bring myself to really have a conversation with him. The next morning we said our goodbyes and that was that. I was so embarrassed about how I acted that I couldn't even bring myself to send him a text the day before he left.  My friends all noticed how dejected I was after that. They encouraged me to write him a letter or text him once he was out of boot camp. I kind of just wanted to let my feelings for him die at that point though. I had really had enough of trying to convince myself that he felt the same way.  Only I couldn't stop thinking about him. I dreamed about him literally every night and couldn't focus on anything but him on most days. After his time at boot camp had passed, I waited and waited for him to text me. I knew he wouldn't but I couldn't help myself. It developed into a really unpleasant pathological obsession.  A few weeks ago, one of my girlfriends finally convinced me to just check up on him.   I shot him a text and we had a pleasant little conversation before he had to go to sleep. I waited a couple days to see if he would initiate another conversation. Nothing.  I'm not stupid. I know what this all means. Sometimes I get a little angry because he did make me believe that he really liked me. But I also realize that I can't blame him for my feelings.  I want to be able to move on. I want to be able to not think about him every few minutes. I want to focus on my hobbies and my own betterment just as he is doing. But more than anything I still just want to be with him. I don't know how to fall out of love."
82,LOW,MEDIUM,False,ok,0.91,0.87,0.03,0.91,0.06,923,0.3237,1,,3.0,56,"There's a woman called Ali Greymond I found on YouTube. She says she had severe ocd and overcame it and that we can too. Like be 100 % recovered. She also said that when you start the recovery process you'll get MORE thoughts as the brain tries to work out if you're in danger, or something like that  This past while has been rough. I live alone. I don't think the lonliness helps (I live in Rio de Janeiro but am from the UK). I am making baby steps of progress, but also having to learn more about how my brain works and learning not to even engage with the thoughts for a second. If I engage I often get trapped FOR HOURS. Seriously, I've lost hours and hours this past month    Anybody else on this journey?"
53,HIGH,MEDIUM,False,ok,0.9,0.86,0.09,0.9,0.01,848,0.3196,1,,3.5091,55,Hi I had major anxiety attack not long ago in public and am now at home sitting in a dark wardrobe blocking out sights and sounds. Its bad enough dealing with the anxiety attack but to have people gather round and purposly watch and make things 100 times worse realy ###### me off! Do others find the public gather round and intensifies the anxiety or panic attack because you cant concentrate on trying to calm down because of the them? Cheers lynne
49,MEDIUM,LOW,False,ok,0.9,0.85,0.9,0.1,0.0,848,0.3229,1,,2.7358,53,"Ava, we have finally made a decision to go with November 8 and 9th, 2001 for the TW Customer meeting. Please work with Donna on the details and let me know if you are not able to get the hotel for that time frame. Donna, it was also suggested we just do the meeting in the Enron building and then go down to Kehma for the boat ride. What do you think of that idea? Thanks."
231,HIGH,MEDIUM,False,ok,0.88,0.82,0.01,0.88,0.11,819,0.3268,1,,4.5818,55,"Hello doctor,I have a few bumps on my penis skin. I do masturbate. I am concerned because I do not know what might have caused this or what these bumps are. They do not burn. I have not experienced any discharge or burning sensation. I am confused what this is. I am attaching a picture."
189,HIGH,MEDIUM,False,ok,0.87,0.81,0.11,0.87,0.02,1169,0.3411,1,,3.8039,51,"First post here, so please forgive me if I seem like I'm rambling.  I am 21 years old, and I've wasted every year of my adulthood.  I've transferred universities after nearly failing out of my first choice. It was an amazing opportunity that I worked hard for in HS, and I wasted 2 years and thousands in my parent's money just because of my apathy. I've lied to my family, almost compulsively, about the smallest things, and have completely lost any trust they had in me, and hope they had in my future.   I have very few friends, who I haven't seen in almost a year, and I've never so much as gone to a party or even asked a girl out, even though I desperately want to. I have no idea how to communicate with people, and am often just stuck smiling and nodding with nothing to say. In the end, this pandemic has changed nothing about how I spend my day, mostly alone in my room on my laptop or on my phone.  My mental and family state is not much better. My dad is practically a non-entity, and my mother and I have an extremely unhealthy interdependent relationship. I am a momma's boy, to the point that I instinctively look to her whenever she calls my name to do something like fetch her water, like some dog.  My brother described me best; I'm 'blah'. No ambition, no goals, I just live day by day, without a care in the world. I don't have any career plans, and while people my age are out partying, hanging with friends, looking into internships, and having sex and relationships, I'm stuck in my room, browsing the internet and playing TTRPGs because it's the only way for me to numb the pain. I hate it, but it's like an addiction, and one that I feel I can't get any help for, at least, not from anyone close to me."
37,HIGH,MEDIUM,False,ok,0.87,0.8,0.13,0.87,0.0,907,0.3238,1,,3.6604,53,"Update Robin and I are waiting to hear back from all of the following company contact Reliant Energy Services Inc. Sue Cozad 989-687-9246 low probability Enbridge Gas Services Inc. Dan White 403-508-3184 new counterparty - low probability MidAmerican Energy Company Dave Evans 515-281-2698 good prospect CMS Marketing, Services and Trading Company Scott Biscoe 713-230-7286 low probability El Paso - no interest. Left messages with Duke Energy Marketing Ltd. Steve Butler 403-297-9840 TXU Energy??? David"
41,MEDIUM,LOW,False,ok,0.86,0.79,0.86,0.14,0.0,781,0.5162,1,,2.6038,53,Thanks Marianne. We've been in contact with the PUC but we will need some help next week. Are you in Monday?
202,MEDIUM,LOW,False,ok,0.86,0.79,0.86,0.14,0.0,883,0.3655,1,,2.6481,54,"So I work at a franchise restaurant and the head manager has been buying supplies like sponges and steel wool and recently had to buy a new noodle for the dishwashing sink, a person who our franchise owner hired to essentially be our regional ( franchise owner owns a couple of these) regional said that my manager has to pay out of pocket for these expenses the sponged and the new noodle, so he won't be reimbursed. This doesn't seem right, are there any laws about this or anything. Sorry if my flair is wrong didn't quite know what to call this subject. Also in WA state."
220,MEDIUM,LOW,False,ok,0.85,0.77,0.85,0.15,0.0,1000,0.3295,1,,2.4364,55,"I got married in 2017. Our videographer was always very slow to respond to emails and we kind of just put up with it. Once we provided the songs we wanted in the video (no time frame on when we needed to provide songs... it took a long time for him to give us the list and suggestions), we were supposed to get the video in 6 months. We didn’t get anything, didn’t hear anything back... finally got something back from the videographer saying he didn’t work for the company anymore. Emailed the company repeatedly and finally got a response that they were no longer in business (but their website is still up which seems dumb to me). This person from the company found videos from the “special moments” they film and posted links to them, but did not leave them up for the full 30 days as stated - my husband went to download them and the links didn’t work. The video company also said they would see about the highlights video that’s part of our package. Again, multiple emails to them and nothing.   Is this something we can to take to small claims court? Or since they’re out of business are we just SOL?"
94,HIGH,MEDIUM,False,ok,0.85,0.79,0.04,0.85,0.11,792,0.3486,1,,3.1509,53,I hate hocd I don’t even remember my old self my I remember being straight my whole life now it host seems like it never happened my Brain is saying I’ve been gay all along
81,MEDIUM,LOW,False,ok,0.85,0.78,0.85,0.15,0.0,842,0.362,1,,2.5962,52,"I always speak in a monotone voice and it’s hard to change the pitch and emotion of my voice because every time I do it, it always seems so forced. Also people including my own parents have told me I look mad and have the eyes that I want to kill someone when that’s just the expression of my face. Also people have told me I sound angry and straight forward a lot, does anyone else have this problem too?"
45,LOW,MEDIUM,False,ok,0.85,0.77,0.14,0.85,0.01,939,0.3284,1,,2.9811,53,"Religion, huh? Interesting. Your folks may disown you, though. I don't know how you could think that cooking would be more fun than bond finance--you crazy? The Pilot: I need to know exactly what the pilot is and with whom your doing it. Yes, I need the champion's name, and fast. The meetings will work, but I forgot, what week? Next week or week after? (May want to wait until plane service gets normal?) Have fun in SC--why don't you guys live there? Not a bad commute for you; Scott can surf; we can come down and play bluegrass! Sell the flat, dammit. Kisses, Jeff PS Colleen doing OK? I can come by after class on Wednesday--class is at Boalt, so we get out at 8:30, you know what slackers law students are...."
191,HIGH,MEDIUM,False,ok,0.85,0.78,0.01,0.85,0.14,1807,0.3801,1,,3.6538,52,"Im usually just a reader on here, but I don’t know what else to do, as I have nobody to talk to.  Sorry for any grammatical/spelling errors, not my first language and I’m also on mobile.   This is gonna be a long story, so be prepared.   I’ve been living in this flat for about 3 months now. We are 3 people, me (f22), F (f21) and M (m20). The connection M and I had was kinda special from the beginning, we just hit it of super well and we became pretty good friends quite quickly. I knew from the beginning, that he had a girlfriend, but he told us very early on that it’s kinda rough, because she cheated on him like a month earlier, but they still decided to stay a couple.   After like a month of living together F informed me that friends coming over always thought that me and M had like a thing going on (sexual)/ would say we would make a great couple etc.  My response to that was to just sit him down and tell him that whatever these people think/say, I would never ever consider being anything more than friends, which he agreed on, as we both were very happy about our living/flatmate situation.   And that’s where it all went downhill!! So get your seatbelts on, it’ll get real spicy.   So, when I’m drunk, I get quite touchy. Nothing to wild, I just like to hug people.  So that’s what I naturally do, when I get drunk with my flatmates. I just hug both of them. A lot.  While doing so, M sometimes gave me cute little forehead kisses, which was weird in retrospect, but my drunk self never really cared/worried about it, mainly because F was doing the same, so everything was fine so far.  What I also figured out was that M really loved to sleep in my bed when he was drunk.  Nothing ever happened, we would just all get ready for bed, M would “get lost” on the way to his room (that’s literally what he told me) and he would peacefully pass out next to me.  I never thought anything of it, as it never appeared as something bad to me, like he was just sleeping next to me, no biggie.  My alarm bells should’ve rang, but they just fucking didn’t because I’m stupid.   So now we get to New Year’s Eve. We’re supposed to stay home because of our ongoing lockdown, so M and I are alone in our flat, because F went to stay with her family. So we decided to just have a little 2-People-Party.  Everything started of pretty good, normal night, I even stayed away from to much touching this time, because I don’t know, maybe I saw it coming.  But at one point we started talking about sexual stuff, I don’t ducking know why, we just did, I usually don’t have a problem with that either, I’m super open about it with all of my friends, so no worries from my side yet again.  OH BOY SHOULD I HAVE WORRIED.  At one point he stated how he always wondered how I did not have a boyfriend. He just didn’t understand, with what we talked about, my character and looks...  (I should’ve just left then and there)  I kinda just brushed it off and after some more drinks and a couple shots, as we just you know got to going to bed, he started cuddling me and me being like hella hammered, I was like “yeah that’s nice” (like wtf was I even thinking).  But then the inappropriate touching started. The first time I tried to show him like “nono no good idea” by just shoving his hand away to a normal cuddle position. But by the second time he tried, my drunk self just let him do it. I don’t know why, I feel so god damn stupid I did it, but I just let him. Maybe I did like him a bit more, then I was willing to admit to myself.   So that when on for about then minutes, but then at some point you were just able to see that he suddenly remembered “oh shit wait, girlfriend”  He stopped, went to the bathroom and I was just ESCAPING to F’s room in a hurry, because that was my only logic response to that situation.  I heard him rustling in his room for a few minutes and then he just left and went to his girlfriends place. (Yes I found this out by stalking him on Snapchat, I was kinda worried)   It’s been two days, he hasn’t shown up in our flat since, I have had multiple panic attacks and I do not know what to do.  I feel like the worst person ever, F is gonna hate me, as soon as she finds out and I’m just sitting here alone crying my eyes out since it happened.   So that’s that."
208,MEDIUM,LOW,False,ok,0.83,0.74,0.83,0.17,0.0,1193,0.3356,1,,2.6226,53,"Hi all! I appreciate you looking at my post. As the title says, I'm dealing with a rather cruddy issue with my leasing office, and I'm not really sure how to proceed. Feel free to let me know if I should be posting this elsewhere. Basic story: my birthday was in early April, and recently a dear friend hinted that something special might have been dropped off in the office for me. I called the office yesterday to inquire and the lady who picked up immediately asked if I had gotten her voice message about my flowers. Errr, no, sure hadn't. No calls from them on my phone at all. Well, apparently about a week and a half ago a lovely floral arrangement was dropped off for me in the office, and allegedly they tried calling to notify me. The lady even admitted that she might have dialed incorrectly, and also she didn't bother to follow up as I go out of town at times (I have been home the entire month of April except for one night). They let my lovely flowers die and then threw out the remains, including the vase and any cards that might of come with it. I was aghast! I sheepishly asked my friend for the price tag of her nice gift and, including delivery fees, she paid over $80 for the office ladies to have a pretty bouquet to enjoy. I feel cheated, but I really don't know if I can hold them accountable for this debacle. Like, would you, as a neighbor, ignore a time sensitive item such as flowers and just let them wither on the vine? Can I ask them to somehow make amends, or should I just let sleeping dogs lie? My gut feeling is they wouldn't budge an inch. And best believe I'll be refunding my friend for her generosity! Any advice is greatly appreciated, and I even feel better now that I've had a chance to vent. Thanks!  tldr: flowers for me were delivered to leasing office, which only gave bare minimum attempt to get them to me; now the bouquet is dead, I never even saw it, and I'm royally ticked off!"
183,HIGH,MEDIUM,False,ok,0.83,0.74,0.03,0.83,0.14,2067,0.4046,1,,3.7258,62,"So, two years ago I was dating an amazing guy. He was really great, but for various reasons, the relationship didn't work out. I was very heartbroken at this time and ended up sleeping with a coworker of mine. This started technically a week before the end of my relationship with my boyfriend at the time... Yeah. I cheated on my first boyfriend. Great start huh?  Anyways, I obviously seriously regret this, it was the worst thing I have ever done. I hate myself for it. But I did end up dating the guy I was cheating on him with.  The best I can say of what was going through my mind at the time was that I knew my relationship with my parents was coming to a breaking point. Long story short, my parents are fairly conservative Christians. I am very much not that. I wanted to rebel in a big way against them and so I started doing risky and impulsive things I haven't ever really wanted to do. I tried ecstasy and shrooms even though I did not feel safe three out of the four times I did these drugs (twice did shrooms, twice ecstacy). I had horrible comedowns three out of four of the times; the day after doing drugs I usually felt like shit and once managed to get extremely depressed and cry into my boyfriend's shoulder that I just wanted to kill myself because I was so disgusting. Yeah. Pretty awful. Anyways, we broke up temporarily after that and GOD I wish it had've been a permanent break-up :(.   So we get back together and then I almost immediately head off to another state for a few months for work. We agree to do long distance and it goes pretty well for the four months I'm gone. But then I get home.  I visit my parents and they pretty much disown me after I come out to them as bi and confess I am dating an atheist. They did take me back into the family in March, but none of the issues were addressed and it always felt so tense. I started to lean more and more on my boyfriend. My anti-depressants weren't working anymore and every day was such a struggle. At one point, my housing became uncertain and I moved all my things into storage and moved in with him at his dad's house. I realize now, looking back on it, that I sort of forced him to let me stay. His response when I asked was ""well... I'm not gonna say no."" He said it so unenthusiastically and with a little scratch of his head that I now know meant ""I don't want this."" At the time I was thinking, ""if he really loved me he would take me in happily"" and I was so ecstatic that he said yes I couldn't even begin to imagine that he didn't want it as much as I did. Well, quarantine hit and it basically became him and me sitting around his house all day. Except I didn't feel comfortable. I tried to brush it off but I couldn't ignore the fact I was living in my boyfriend's elderly father's house. It was. So. Weird.  I decided to ignore the feeling (mistake) because I just *hated* being without my boyfriend. I *could not* be alone or I would get extremely suicidal. So my boyfriend became my lifeline. He was also pretty depressed and was despondent, thinking that he could never get better. Obviously, this led to a lot of both of us treating each other poorly and then resenting the other person. I always thought I had the moral high ground in every argument. I always thought I was right. He always turned every conversation into an argument. He hated being asked to change. He mostly just wanted a pretty thing to have sex with that could also be his therapist. I was looking for someone to take me in and care for me to replace the love my parents couldn't show me and who could also have sex with me. So. This was obviously a great and healthy turn in the relationship. We had a lot of sex and smoked a lot of weed, he got a cat, and I kept living there for almost TWO MONTHS. To be fair, my housing situation was a bit uncertain and I was supposed to have a roommate which I knew would help my not-being-able-to-be-alone situation. Well, she backed out right before we signed the lease and I had to find somewhere else to live. I eventually did find a place but delayed really moving in because I still didn't want to be alone.  Y'all, I literally lived in this boy's home with his father there for nearly TWO MONTHS. I basically pushed him to do this and even though I didn't realize I was doing it at the time, that still doesn't excuse my actions. Even more, though, is that after we broke up, I spent a long time trash-talking him to my friends. Some of them even knew him. He was not the nicest of people though and they were not friends of his to begin with. I made it seem like I was innocent and did nothing wrong and he was an evil villain who ruined everything and traumatized me.   In reality, I was just as shitty as he was. Maybe even shittier, honestly. All I can say for myself is that once we broke up, I took my time to grieve and ended up realizing a lot of things about myself. I  learned that I can be impulsive, reckless, and emotional and I dealt with that by being controlling. I was manipulative and basically using him to replace my broken family. Neither of us were in love with the other anymore. This relationship made both of our lives worse. He realized it before I did, but I am grateful that we broke up. We weren't good for each other and we had so much work to do on ourselves.  I'm glad to say that I've turned my life completely around. I am currently in a healthy relationship with a wonderful man and I have mended many fences with friends. I have been going to therapy regularly and the dose on my meds has been increased. I am a healthier person with healthier relationships. I still don't know how I can forgive myself for all of this, but all I can do is move forward and try to be a better person."
60,HIGH,MEDIUM,False,ok,0.81,0.72,0.01,0.81,0.18,994,0.3526,1,,3.5283,53,Hello Everyone. Ive written on this site before. I have BPD and Dysthymia and feeling very emotional and sad. I went to a emergency refuge clinic as I wasn't coping with anything at home and I had time to think and reflect about myself and didn't need to worry about my daughter as my folks were looking after her for a week while I was there. Then when I came out my friend came to stay with me for 3 weeks as she heard I wasn't that well so she travelled all the way from Darwin. She leaves tomorrow evening and I feel very upset about it and know that im going to be completely on my own since I was in the clinic. To make things worse my sister is upset with me as she thinks shes not welcome because she wanted to come over and said I was busy so she just said she'd see my dad and now she thinks im only going to want her company when my dad leaves. Shes currently pregnant and very emotional so I think that may have something to do with it. Im upset about all of this and don't know what to do as ill be all alone and no one to talk to. :'( :'(
95,HIGH,MEDIUM,False,ok,0.8099999999999999,0.72,0.18,0.8099999999999999,0.01,824,0.3167,1,,3.0566,53,"My dreams, more accurately nightmares.  i'v been dealing with pocd for couple months now, it was hard at first but i'm starting to get over it and discard the thought.   However now i'm having p themed nightmares and i always ware up horrified.  ​  anyone else has his ocd moving to his nightmares ?"
235,HIGH,MEDIUM,False,ok,0.8,0.69,0.01,0.8,0.19,859,0.3248,1,,3.5769,52,"hi doctor..i was diagnosed with minimal.ptb when i was in high school that was 25yrs.ago i had my treatment for 6mobths but i am afraid to have my xray again because the last time i had mt xray it reveals still minimal ptb but according to.my doctor it was a.scar. Doctor, is there any way to remove the scar? i am afraid to look for a new job because of that. please help. thanks.a.lot. Anxious Lady"
83,MEDIUM,LOW,False,ok,0.79,0.69,0.79,0.21,0.0,781,0.3452,1,,2.1346,52,I have an aspie friend who never contacts me first but always responds and then keen to meet. Is this an aspie thing?
64,HIGH,MEDIUM,False,ok,0.79,0.68,0.06,0.79,0.15,970,0.336,1,,3.6429,56,"I don't want to feel like this anymore. I've had so many lies kept up in the air and trying to juggle them to make myself feel better - In a world where you feel worthless if you haven't done something that makes people think you're successful or attractive. Ultimately I just want to be loved and I know that. i feel as though if I had grown up with the right parents (the right dad) and in the right environment I would be normal, I would have been really great actually. but I feel this is the catch, as much potential as I have, and I know I have, this is matched with something I can no longer run from, this painful self destructive behaviour I've kept from everyone, my mum, my partner and my friends. I've done every bad thing you could possibly do to hurt someone (without breaking the law of course) My behaviour, if it was known... is awful. In the eyes of everyone else I am so lovely but to myself I am honestly disgusting and I don't know what to do anymore."
27,MEDIUM,LOW,False,ok,0.79,0.68,0.79,0.2,0.01,826,0.3458,1,,2.9074,54,Stephanie- I manage a restricted gas product on EOL. The product is PG&E Topock # 51408. I need to add Occidental Energy Trading and TXU Energy Marketing to the list of counterparties that have access to this product. If you could notify me when they have been added I would appreciate it.
47,MEDIUM,LOW,False,ok,0.77,0.65,0.77,0.21,0.02,799,0.3539,1,,2.717,53,"Hi, Sharon: Can you fax me a copy of the Master Firm Gas Purchase/Sale Agreement dated effective as of September 15, 1999 between ECC and Reliant Energy Services, Inc.? Thanks!"
193,HIGH,MEDIUM,False,ok,0.77,0.66,0.01,0.77,0.22,1237,0.3435,1,,4.2,55,"I’m a very closet bi sexual I’ve had sex with 2 white men and 1 black man and sucked a bunch of guys off, I’m super attracted to girls and do see my self marrying one but when I watch porn especially interracial porn I can’t stop looking at the sexy cock, this secret love for cock continued for 2 years until I eventually decided to try it out, I’m not attracted to guys at all but I found this white guy with a sexy cut cock and I invited him back to mine, I was so nervous. He rocked up to my house and I welcomed him in and went down to the couch where I pulled his pants down and started to suck his sexy, I instantly loved it and didn’t ever wanna stop, eventually he turned me around and slid his cock into my ass! It hurt but I’d be lying if I said I wasn’t happy, we continued on for a bit but I slowly started to enjoy it less and less, once we had finished and he left I regretted it straight away, months went on and I sill had these fantasy’s so when I went on holiday to Hawaii I met up with another white man and he fucked me in his apartment, sadly I didn’t enjoy it at all and regretted it once again, I had almost give up forever but I received a message from a black man with a 8.5 inch cock, my dreams of fucking a big black cock where about to come true i quickly forgot about last night and met up with this black man, I was more nervous than ever as I bend down in front of him and pulled his pants down his huge black cock sprung up in my face I instantly shoved it as far down my throat as possible it was so hot, he quickly put me on my back and slid his massive cock inside me I was nervous it was going to hurt but this time it just felt amazing and he started pounding my ass slowly and than finally he was thrusting deep and fast we continued for about 10 minutes and I came! I had never came like that before it was the most amazing experience ever I could do it every night! But that’s the problem for some reason I can’t.... I’m back home and it’s been 5 months and I’ve only sucked one guy off.... I want to be fucked every night but I can’t... I need help!"
249,LOW,MEDIUM,False,ok,0.76,0.64,0.2,0.76,0.04,862,0.3439,1,,2.463,54,"Hi, Ive been having pain in the left side of  my mouth for awhile, in the beginning I didnt know what to think, then I slowly thought it was wisdom teeth. I believe that what it is. I started to take tylenol with codeine that was prescribed to me awhile back. After a few days I notice the inside upper lip is swelling. Its only in the middle of my lip. My tooth pain has stop, but swelling is a problem. I cant go to the denist because of Holliday weekend."
73,HIGH,MEDIUM,False,ok,0.76,0.63,0.01,0.76,0.23,1261,0.3292,1,,3.7736,53,"Hi Team, I've heard plenty of awesome things about these forums, and I know how great BeyondBlue as an organisation is to help with Depression and Anxiety, so I decided to join and tell my story. I've been battling some serious depression and anxiety for 2 years now, and I'm really at a low point. A few points to provide some context, I am a 32 year old male who is an Exercise Physiologist, as well as a Dad to a beautiful infant boy. I do not know how or why the anxiety or depression started, but each day now is a constant battle. My job requires a lot of positive energy, as well as being a good dad and husband. Energy which, unfortunatley, I just don't have. Of course like everyone I had good and bad days, but the bad days are really bad. As a Health Professional, embarrasing to say my health is probably the worst it's ever been. I am putting on weight/bodyfat due to the almost non stop flow of stress hormones that are absoloutley tearing my nervous system apart. My CNS is drained, depleted, and broken. I'm broken. Apart from the anxiety and depression, I also suffer from OCD, Misophonia (hatred of select sound), ADHD-PI. I know each of these can be related to an overactive nervous system, and gut health, however I'm at a total loss of how I will fix this. I eat plenty of vegetables, keep refined sugars to an absoloute minimum, and limit alcohol. My one vice is caffeine, but working in the job I do, I feel it's the only way I can get through each day. Part of me wants to live in a cave. Part of me wants to stop my job (which I've given up a good government job for and studied for 5 years to get) and focus on my own health while I work a job more suited to depression. I want to get better, and for the sake of my family, will never lose hope. However, I'm completley at a loss as to how to direct my rehabilitation. I've been on AD's which unfortunatley did nothing for me, and feel the one way I can solve my issue is by fixing my poor, toxic inflamed gut and broken body. I should have the answers being an Exercise Professional, but I don't. This is my cry for help."
2,MEDIUM,LOW,False,ok,0.75,0.62,0.75,0.25,0.0,855,0.4916,1,,2.4909,55,"Hollywood Homicide: LOVED IT.  Josh Hartnett in Hollywood Homicide: LOVED IT (Jackie can agree with that, lets see...every time Josh is on screen awwwww, bless him, awwwww looks at that sexy hair, aw look at his eyes etc....) So basically TWAS FAB.  Today I have a job interview at 10.30 and at 2.30 a bank appointment so aaaaaaaah."
38,MEDIUM,LOW,False,ok,0.75,0.61,0.75,0.24,0.01,813,0.3713,1,,2.7193,57,"Mara, Here is the proposed revised contract with Citizens. Could you take a look at it and see if the logic works in accordance with the spreadsheet? sort of like how you built the original spreadsheet from the original contract. Let me know if you have any questions and how this turns out."
72,HIGH,MEDIUM,False,ok,0.74,0.61,0.01,0.74,0.25,1079,0.33,1,,3.5556,54,"My bf has gone away back to Ireland for a holiday and I am left in Australia in our little apartment by myself. I don’t have many friends as many have moved back to Ireland, so I am feeling so alone. I have felt myself slowly sinking back into a dark place like I used to. I have suffered with depression before and had to be signed off work in the past as it got really bad. I have had a pretty good couple of years with only a few little episodes where it gets bad for a couple of weeks. I just feel trapped inside my own head. It’s a viscous circle where I don’t want to speak to or see anyone because I feel so down but then because I isolate myself it gets even worse. I know its starting again. I can’t sleep at nights and I’m exhausted but never want to leave my bed. I don’t want to do anything and can’t even watch TV all I am doing is thinking. I am taking my mood out on my bf, being insecure, snappy, nasty and pushing him away. I am jealous that he is enjoying himself at home with his friends and family whilst I am by myself in this dark place. I feel so embarrassed that I am like this and I feel that I can’t talk to anyone about it not even my bf. I am paranoid too and so anxious that he won’t come home, or he will fall in love with someone else etc. God, I sound so crazy. Will I ever get better and how? I just feel like the worst type of person and I don’t deserve love or friends."
28,HIGH,MEDIUM,False,ok,0.74,0.6,0.12,0.74,0.14,1010,0.3451,1,,3.8491,53,"Please move all the following counterparties(financial & natural gas trades only)deals from ENA-FT-WT-SOCAL book to the BANKRUPTCY book: HESSENESER BRIDGELIGASMAR CONSUMERS CORNERSTPROL P IGIRES OCCIDENTENEMAR PRAXAIR PSEGENERES SEMPRAENETRA Please move all the following counterparties (financial & natural gas trades only) from NG-PRICE book to the BANKRUPTCY book: CARGILL CONTOURENECO DEUTSCHEBANAKT DUKEENENGLLP NATIONALENETRA N-IL-GAS PRIMARYNATRES WESTPORTOILGAS WPSENGRYSVC We are heading out shortly, so if you have any questions, please call me at home 281-486-7026 or cell 713-819-0765, or Darron Giron at home 281-304-8303 or cell 832-524-6091. Thanks for your help."
221,MEDIUM,LOW,False,ok,0.73,0.6,0.73,0.26,0.01,904,0.3494,1,,2.717,53,"So years ago, my great grandfather gave a large piece of land to a college, but the deal was that the children of the family would get free tuition. My dad was the only one to ever take up this deal, and at the time they actually refused him at first. My great uncle went in and fought tooth and nail to get my dad the tuition he was owed, which they eventually gave him. Sadly everyone on my dads side of the family has passed, so my dad is the only living proof that we have, and he told me that the college pretty much acknowledged him as the last one to get free tuition. So now, as a young kid going into college soon, what are the odds that I can get this free tuition?"
59,HIGH,MEDIUM,False,ok,0.73,0.59,0.02,0.73,0.25,945,0.3666,1,,3.5185,54,"Feeling extremely low today, thank goodness I am off to see my shrink this afternoon. Have been going along feeling not great but managing to get through the day. My resting rate as my shrink calls it. Yesterday I could feel myself going down and this morning I woke up feeling really low. Yes I suffer from depression/anxiety/ptsd/gad but with the help of my shrink and a psychologist I am presently seeing on the mental health scheme, I get by. Today is a shocker, feel like a heavy weight is squashing me and I don't know why. Nothing unusual has happened that I can think of. Saw my mum last weekend and I feel she is a bit more frail but I was aware of that. Don't know what is going on, don't like it, was feeling a slight glimmer of hope that I would feel better but today that has gone. Life shouldn't feel so hopeless."
228,MEDIUM,HIGH,False,ok,0.72,0.59,0.02,0.26,0.72,850,0.3365,1,,3.2963,54,My grandmmother is 81 yrs old. Checked her bp several times over a 3hr period and always got 190/90.  Doctor gave her CAPTOPRIL 10 minutes ago.  Her hands and feet are cold.  Shes weak and cant stand up.  She can move her arms and feet and didnt have a hard time in the bathroom 3 hrs ago.  Pls. advise.  Tks.
201,HIGH,MEDIUM,False,ok,0.71,0.56,0.1,0.71,0.19,871,0.3117,1,,2.7736,53,"Hi, Does anyone have experience with common law marriage in Texas when a couple has been engaged & is living in the same house?   Not sure if we would technically be considered common law.  Never corrected anyone that has called us husband/wife, if that matters.   Also looking to understand, if child's father hasn't paid anything towards house/child (no diapers, food, clothing, toys, education, etc.) what rights are.  Children are 6 & 2  Have consultations scheduled with an attorney, but would like to ease my mind ahead of time."
86,MEDIUM,LOW,False,ok,0.7,0.55,0.7,0.29,0.01,837,0.3625,1,,2.7593,54,"when i am about to watch a movie , a serie that i like, or just smoke a joint, i have to check the whooole motherfucking house, every inch,  everything have to be "" just"" and i start looking for shit to make it "" just""  all of this for no fucking reason, i am frustrated omg, i can't even have a happy moment in peace"
46,HIGH,MEDIUM,False,ok,0.68,0.51,0.32,0.68,0.0,815,0.3278,1,,3.463,54,"Thanks. She called me. It's the 29th at 1 pm. It's at John's office, but I don't have the address. Could you get the address and email it to me, Christina and Dave Parquet? Greatly appreciated. I'm in Sacramento today."
205,MEDIUM,LOW,False,ok,0.67,0.51,0.67,0.32,0.01,1266,0.3301,1,,2.5094,53,"I moved into my apartment in November, and once I got settled I decided to submit maintenance requests for all the little things that had been there when I’d moved in. Stuff like a spot that needed to be painted, my ceiling light in my kitchen not working, and this small spot of water damage on my windowsill in the bedroom.  They came and fixed everything, but soon the water damage on the windowsill came back. Eventually when I was home and it was storming I heard a dripping noise and realized that there was a hole in the hit of the ceiling behind the windowsill that was dripping when it rained. It didn’t do it every time but I wanted it fixed.  I started submitting maintenance requests and they would either be marked as completed with nobody coming or someone would come, look at it, and tell me they had contractors that were coming to fix this error in a number of apartments.  In total I submitted requests through their website on 12/17, 1/16, and 2/10. Then with everything going on, I spent a month out of town at my parents and I wasn’t sure if I wanted workers coming to my apartment with the pandemic and all that I stopped submitting for a while. The dripping didn’t happen every time it rained so it didn’t really happen much during that period.  We’ve gotten some heavy rain in the past few weeks and the dripping was the worst it’s ever been. I submitted a request on 6/27, received no response, and when I had more rain and leaks a few days later I submitted a request on 6/30. On 7/2 I called the office and spoke with someone in maintenance who told me that someone would be out to look at it “early next week”, which I think most people would define as Wednesday at the latest.  It’s now Thursday, 7/9 and I’ve called again, resubmitting the photos and videos I’ve taken. I was told that the guy I called would forward it to someone more in charge and we would get this taken care of. At this point I think my plan is to continue to call and email every day that this is not fixed, but would I have any legal recourse here?  I also don’t believe I was ever given a copy of our lease. It is not available for me to view anywhere on their website. So that’s something that I will ask to see."
198,HIGH,MEDIUM,False,ok,0.67,0.52,0.03,0.67,0.3,825,0.323,1,,4.2778,54,"A little backstory: we have been dating for a few years now, having sex like 3 times a day. Her pussy started loosening up and shes 19, so to keep it tight we decided to have one month anal only, one month pussy, etc. Tomorrow starts pussy sex, so well see if it is any tighter"
216,MEDIUM,LOW,False,ok,0.66,0.5,0.66,0.31,0.03,913,0.3483,1,,2.9623,53,"Hi, My friend (California) signed a license to with a Record Label in France. The contract is just a license to release the music. The label is small and my friend is not a known artist. It's been 3 years and the music has come out but now a new, bigger label is interested and wants to re-release it. At the top of the initial contract, in the summary section, it lists the term as 5 years. In the sections of the contract, under section A, it states the terms go for 3 years from signing date and continue indefinitely unless either party gives 60 days notice.   Can my friend issue the 60 days request to terminate? Would having conflicting Terms on a contract like this cause it to be void??? Thanks!"
70,HIGH,MEDIUM,False,ok,0.66,0.49,0.04,0.66,0.3,1073,0.345,1,,3.5472,53,"It's difficult to describe but if you see and feel sadness in most things in life you could have dysthymia. Constant, uncontrollable crying, thinking often about sad topics. A proper diagnosis is needed. This illness generally develops prior to adulthood and can be described as a constant low mood depression. You can google ""dysthymia mood disorder"" to receive a full description. The disorder makes one feel alone, desperate and unusual. I have a friend I went to school with, he never cried in 35 years I knew him until his father died. He was uncontrollable that funeral day. The next day we chatted. I mentioned that his state the day before was how I felt every second day. He got some idea of the magnitude. Soon after I got the diagnosis Bipolar2, depression, anxiety and...dysthymia. my psychiatrist discovered that a near drowning of my brother when I was 12yo was the spark, the shock that set it off. I didnt talk for 3 months after that incident and was highly emotional ever since until 2009 when he prescribed medication. Since then my life has turned around in terms of sadness. If you believe your level of sadness is high, constant and you feel desperate, even suicidal, you might have dysthymia. It effects more women than men, can come about if you have a parent with a mental illness or if you suffered trauma at a young age. Seek help. The difference to your life will be much more positive."
185,HIGH,MEDIUM,False,ok,0.65,0.48,0.02,0.65,0.33,888,0.3606,1,,3.6984,63,"This happened years ago, I was 15 at the time sexting with a guy of 17 who I don't talk to anymore at all  Sometimes I start thinking about it and just feel incredibly guilty, I havent told her as I really love her and I'm willing to devote my life to making her my wife but she doesn't take bad news well and I'm scared it'll break our relationship.  Edit: there was a time period where I thought she was cheating on me and I made a big deal about and that was just me overreacting, if she finds out I actually did it she's not gonna wanna talk to me anymore"
3,LOW,MEDIUM,False,ok,0.65,0.47,0.35,0.65,0.0,796,0.4935,1,,2.2745,51,"I agree; perhaps even invest more money into the school system so we can teach people, mainly Jackie, how to spell.  That was a bit mean, bad day, sorry.    Quite funny though."
240,HIGH,MEDIUM,False,ok,0.65,0.47,0.01,0.65,0.34,846,0.3246,1,,3.2623,61,I have recently had kidney stones. Now I am having flank pain and pain in my groin area. I am also having pain in my chest. I m not sure what is going on. I have been on antibiotics for kidney infection with no relief. I had a 24 urine collection and still awaiting results and have aurogramscheduled in a few days. The pain is becoming more consistent especially with any activity. What is going on?
179,LOW,MEDIUM,False,ok,0.64,0.46,0.32,0.64,0.04,989,0.35,1,,3.0189,53,"I am not proud one bit at all. I cannot wait until I have the opportunity to leave this miserable country. You see, my dad is my absolute best friend. America sent my dad over to Vietnam when he was 19. He was sprayed with a pesticide that caused Agent Orange Toxicity. This in turn caused Parkinson’s disease and severe dementia to the point that I had to put him in a home. I am lonely, sad, and I miss eating dinner with my best friend every night. If the US wouldn’t have gone over to Vietnam, my dad would be in the conditions he is in. The US had no business over there and should have never gone. Too many people were hurt and killed as a result. I am not proud to be from the US. I am ashamed. I am ashamed of our politics and the way we act. I’m ashamed of how others see us. I’m ashamed at how greedy we all are. I am not a proud American. When my dad passes, I plan to migrate to another country. I would now if it was possible. I hate it here. I. Am. Not. Proud."
29,MEDIUM,LOW,False,ok,0.63,0.45,0.63,0.37,0.0,791,0.3271,1,,2.6981,53,"Hey, got a call from Jeff Smiron. Apparently he has an invoice he needs to send. Do you want to call him and give him a fax so he can send it."
176,HIGH,MEDIUM,False,ok,0.61,0.42,0.39,0.61,0.0,1192,0.3299,1,,3.6981,53,"TL;DR SO told me all i did was playing computer games and i only wanted in relationship is to always to get laid, which reminds me of my Ex why we broke up. I just want to vent out just to help me sleep   Am I being delusional? Paranoid? Or just a plain old bitch about it? We had a fight a week ago that resulted to my half destroyed system unit. It was just common ""are you cheating on me"" relationship fight,and what she said made me realize on what grounds i have in the relationship. She told me that all i ever did all the time since i got my pc and says that i was sitting my ass on it and playing all the time, even though i told her from the beginning that i would dedicate most of my time for it from practicing; to become competitive, get sponsorships and compete international, in other words getting into esports. Basically i made a routine everyday, i never missed out every self training despite having long overtime from work. Also i didn't forget the ""we"" time as it's also crucial for the relationship to be strong, but during ""we"" time, all she did was looking at her phone and laptop like the rest of the week. Then she told me all i ever wanted for a relationship is to get sex. I mean, i put up with her reasons everytime i persuade her, never got it from her asking for it, never forced her because that just rapes. Then all of that talk reminds me of what my ex told to me times before i broke up with her, telling me that what I'm doing is trash (dreams) and i got into relationship just for sex. I just want to tell my current SO about this but i will never have the strength or courage to tell her this because this might be misinterpreted or something, i don't want another senseless fight, because that would just make me decide to break up on the spot with a one end closure. Thank you for this sub for letting me vent out. I hope i could sleep well and faster days after this, it affecting my work and career."
88,HIGH,MEDIUM,False,ok,0.6,0.4,0.03,0.6,0.37,908,0.3504,1,,3.5636,55,"I’m gonna start by saying that hurting myself is the last thing I wanna do just to get that out of the way. However, I started off getting an existential ocd theme where it makes it hard to enjoy the things I like without my brain constantly asking questions like “why enjoy this there’s no purpose in life? Or life has no meaning” and then it turned into me worrying ab kms in the future and it scares me so bad like I wanna enjoy my life but it keeps bringing up the idea of my parents being sad at my funeral like wtf?! 😭 I don’t know what kind of exposures to do for this? I’ve been getting ok at the various themes I’ve had before but this ones been kicking my ass lately 😔"
8,HIGH,LOW,False,ok,0.59,0.38,0.59,0.41,0.0,842,0.359,1,,3.2264,53,Neal - I think Jennifer was meaning to ask me that question.  Julie is doing fine (except for being totally exhausted 90% of the time).  We have our first pictures!  They are about 2 inches from head to rump right now.  Ben - You mean Eva is old enough to date?  Hmmm.....  ;)  Mir - How did a vegan come into possession of Pork Festival tickets anyway?
23,MEDIUM,LOW,False,ok,0.59,0.38,0.59,0.41,0.0,912,0.3927,1,,2.6038,53,"Manny, just now after reading the blogs here went thru VVS and came back to post about the same... and 'mazed to look the same here too????????? n'way fine...  What Rini, U cant get some thing from my Cases ah???? what is this.... its too bad... how come u r ...  k I vote for 'P. C. Sekhar' for your guidance... Then how about others, Can u get anything.. from the same...  Valli, welcome back... I hope we can have atleast a chat over phone... Then Rajesh dont fly away man... I will take care of you...  My sister will be so kind dont worry...  can we know the solution for the puzzle, Jax!!!!  Cheers"
79,LOW,MEDIUM,False,ok,0.59,0.39,0.32,0.59,0.09,792,0.3762,1,,2.5556,54,"Are there any people that I can talk to on here? I’m alone and don’t trust anybody; no therapy, friends, family. If not that’s fine I’ll continue on."
194,MEDIUM,LOW,False,ok,0.59,0.39,0.59,0.4,0.01,1145,0.3506,1,,3.0741,54,"This weekend out of completely left field I got horrifying and violently sick. I went to the gym, got in the sauna, ran, then did a heavier workout that I generally do. I had my protein shake back in my car after the gym closed and all was fine. I drive home, showered, got dressed, and made food. Nothing crazy; 3 chicken strips and a double handful of frozen fries.  So I’m sitting there, an hour after leaving the gym and about 10 minutes after my meal, and I get this thought; “To to the bathroom, we’re about to puke.” So I acquiesced, puked, felt fine, brushed my teeth, and went to the kitchen to get some water. Then BOOM. Like the hand of some feral and evil titan I was punched in the gut. Running for all I was worth back to the bathroom I spent the next 4 HOURS being wrung out like a wet towel. On the toilet, in the shower, I was curled into a fetal ball on my bath mat while every muscle in my arms spasmed from my workout and my lower back popped and creaked against me pulling myself into a pain wracked ball.  My sister legit saved my life by being in the house. Got me water, and crackers, and ginger soda, and was ready and willing to take me to the ER as the fourth hour crept along. I was no longer sending back whatever I put in my mouth though, so I decided against the ungainly hospital bill (USA,USA, USA!)  All this to say I’m appreciative that I live with my family, and that I can count on them (sister and dad) to have my back like I’d have theirs.  Call your family, tell your people you love them, and Mothers Day is the 9th. Thanks for reading."
225,HIGH,MEDIUM,False,ok,0.57,0.35,0.01,0.57,0.42,834,0.3446,1,,4.0,54,"my husband has hepatitis c but the liver biopsy was good. 0, 0, 1 I believe.  he is taking high doses of hydrocodone(as many as 4-7) at bedtime, as well as gabapenten, tylenol pm, and 3 beers every night.  how could this effect his liver and what side effects should I look for."
26,HIGH,MEDIUM,False,ok,0.57,0.36,0.08,0.57,0.35,821,0.349,1,,3.5769,52,"Errol, Deal NS5777.2 , from 7/27/2000 of last year, should have been killed along time ago. Can you kill the deal in the system please. This might come up as a prior period adjustment, I do not know what happens when they are this old."
30,HIGH,MEDIUM,False,ok,0.56,0.34,0.44,0.56,0.0,780,0.3587,1,,3.5926,54,Should I send comments to Andy Granger at fax no. 860-297-0301?
52,LOW,MEDIUM,False,ok,0.55,0.31,0.44,0.55,0.01,797,0.3244,1,,2.3051,59,"I have not received any replies to my posts. I know a lot of my issues are self inflicted but this is the only way I deal with my pain both physical, and mental. I need some Stressless"
97,MEDIUM,LOW,False,ok,0.54,0.31,0.54,0.46,0.0,956,0.3245,1,,2.9074,54,"A dog from next door peed on my mom’s rim of her car. My dad went out to pour a bowl of water onto it. I’m doing my laundry and I feel that my laundry is contaminated with the dog’s piss. What I mean is that my dad was walking back and forth by the dryer. I feel as though his feet were contaminated from walking near the dog’s piss and he walked near the pathway of the washer and dryer. I then go out to put my laundry in the dryer but I’m not sure if one of my jackets touched the ground he walked on. I usually take out one garment at a time, scrunch it into a ball then put it in the dryer. But I don’t know if my OCD is making me feel this way or if my jacket actually touched the ground. Sometimes it’s hard what’s real when OCD makes you question everything. I don’t think I would position my body down far enough for my jacket to reach but I just don’t know"
77,MEDIUM,LOW,False,ok,0.54,0.3,0.54,0.46,0.0,866,0.3072,1,,3.2623,61,"I’m late diagnosed, so I’m realizing a lot. Including how far my masking had gone. I think I’ve molded several different personas to match and accommodate most of my friends individually. That’s why I was always worried about them meeting each other because I wouldn’t know which way to act then.   Does anyone else do this? I think i just got so burned on friendships I tried make happen when I was just being myself, that eventually I started molding my personality to make friendships more likely. But it always felt like a chore to pull off."
51,LOW,MEDIUM,False,ok,0.53,0.29,0.46,0.53,0.01,776,0.3652,1,,2.0577,52,"Do you like pics of yourself? Regardless of the answer, how does it affect your depression/anxiety?"
244,HIGH,MEDIUM,False,ok,0.52,0.28,0.47,0.52,0.01,785,0.2878,1,,2.8909,55,"Hi doctor,Whenever I yawn sometimes it feels like I pulled something, and on my bottom jaw I push on it and something goes up."
222,LOW,MEDIUM,False,ok,0.52,0.28,0.32,0.52,0.16,872,0.3254,1,,3.1455,55,"reddit legal advice My friends mother works in Medicare/Medicaid. There is a competitor that is essentially defrauding and stealing her customers. Most Medicare/Medicaid information is public and you can usually see the clients of companies online and even their phone numbers. The defrauder is spoofing her phone number and calling them from her phone number, somehow pretending they are my friends moms company, and trying to get them to pass over information and steal them as a client. We can figure out who they are soon as we can see what “company” takes our clients."
227,HIGH,MEDIUM,False,ok,0.51,0.26,0.28,0.51,0.21,966,0.3445,1,,3.2264,53,"Q:A 2-month-old is brought to the physician for a well-child examination. She was born at 39 weeks gestation via spontaneous vaginal delivery and is exclusively breastfed. She weighed 3,400 g (7 lb 8 oz) at birth. At the physician's office, she appears well. Her pulse is 136/min, the respirations are 41/min, and the blood pressure is 82/45 mm Hg. She weighs 5,200 g (11 lb 8 oz) and measures 57.5 cm (22.6 in) in length. The remainder of the physical examination is normal. Which of the following developmental milestones has this patient most likely met?? 
{'A': 'Absence of asymmetric tonic neck reflex', 'B': 'Monosyllabic babble', 'C': 'Reaches for objects', 'D': 'Smiles in response to face', 'E': 'Stares at own hand'},"
148,LOW,MEDIUM,False,ok,0.5,0.25,0.42,0.5,0.08,773,0.4036,1,,2.5283,53,Fetterman hospitalized again  #OAN #senatorfetterman #walterreid
42,HIGH,LOW,False,ok,0.45,0.17,0.45,0.4,0.15,891,0.3518,1,,3.5397,63,"Chris - I did discuss Enron's payment issues with PJM with our team. To make sure that we are on the same page. 1. No additional collateral is required at this time. 2. EPMI owes on 12/20/01 = $1,704,182.63 EESI owes on 12/20/01 = $134,456.58 3. The Annual Fee is also due on 12/20/01 = $5,000 (one fee for all affiliated companies). I will call you tomorrow."
203,LOW,MEDIUM,False,ok,0.44,0.16,0.26,0.44,0.3,1051,0.5005,1,,2.9808,52,"I have an absentee landlord who does nothing besides collect rent despite having several issues with amenities that were supposed to be supplied by our written agreement.  What i plan to do is tell him my check bounced and rent is going to be 5 business days or so late this month (done). then when or if he gets interested in where his money is i'll ignore him and just move out on the 1st of february. He received my first and last months rent and if i leave on february 1st without paying then he isn't owed anything. the only real rule i'm breaking is that i didn't give 2 months notice.  I would have been fine to supply 1 months notice but i am not fine asking for him to accept 1 month and be at his mercy when he inevitably decides to be a piece of shit and stick with 2 for no good reason essentially collecting twice as much cash for January. If the guy had been halfway decent throughout the duration of my tenancy thus far i wouldn't be doing underhanded shit like this but saving 600$ is important to me.  the place is a shithole, the landlord is a piece of shit, I've been patient and now its time to actually do something .   TL;dr: landlord is shit, bailing on January rent and allowing him to keep last months without any notice of leaving February 1st. Whats he gonna do?"
35,HIGH,LOW,False,ok,0.42,0.12,0.42,0.2,0.38,772,0.337,1,,2.9057,53,"let me go buy some ammo. let's see, which gun do i use?????"
218,MEDIUM,LOW,False,ok,0.38,0.08,0.38,0.37,0.25,858,0.36,1,,3.0755,53,"Not sure if this is the right sub.  I had the idea of using a fake email,name,postcode and MasterCard to sign up for an Avast premium security 60 day free trial. Is this illegal? If it is, is it fine I cancel before hand? Another thing that might matter is I am of eligible to get a credit card but I am still a minor under The law. I am also in Australia not the U.S, I figured I’d clarify (just in case)"
