system,true,pred,count
always_LOW,LOW,LOW,145
always_LOW,LOW,MEDIUM,0
always_LOW,LOW,HIGH,0
always_LOW,MEDIUM,LOW,61
always_LOW,MEDIUM,MEDIUM,0
always_LOW,MEDIUM,HIGH,0
always_LOW,HIGH,LOW,44
always_LOW,HIGH,MEDIUM,0
always_LOW,HIGH,HIGH,0
Presidio_baseline,LOW,LOW,122
Presidio_baseline,LOW,MEDIUM,23
Presidio_baseline,LOW,HIGH,0
Presidio_baseline,MEDIUM,LOW,52
Presidio_baseline,MEDIUM,MEDIUM,9
Presidio_baseline,MEDIUM,HIGH,0
Presidio_baseline,HIGH,LOW,36
Presidio_baseline,HIGH,MEDIUM,8
Presidio_baseline,HIGH,HIGH,0
model,LOW,LOW,127
model,LOW,MEDIUM,18
model,LOW,HIGH,0
model,MEDIUM,LOW,17
model,MEDIUM,MEDIUM,41
model,MEDIUM,HIGH,3
model,HIGH,LOW,7
model,HIGH,MEDIUM,23
model,HIGH,HIGH,14
