system,class,precision,recall,f1,support
always_LOW,LOW,0.58,1.0,0.7341772151898734,145
always_LOW,MEDIUM,0.0,0.0,0.0,61
always_LOW,HIGH,0.0,0.0,0.0,44
Presidio_baseline,LOW,0.580952380952381,0.8413793103448276,0.6873239436619718,145
Presidio_baseline,MEDIUM,0.225,0.14754098360655737,0.1782178217821782,61
Presidio_baseline,HIGH,0.0,0.0,0.0,44
model,LOW,0.8410596026490066,0.8758620689655172,0.8581081081081081,145
model,MEDIUM,0.5,0.6721311475409836,0.5734265734265734,61
model,HIGH,0.8235294117647058,0.3181818181818182,0.45901639344262296,44
