text_id,true,model_pred,baseline_pred,baseline_correct,model_correct,critical_or_contact_types,n_critical,n_contact,n_persons,n_linkable,text_preview
0,LOW,LOW,LOW,True,True,,0,0,0,0,no school on tuesday! yay!
1,LOW,LOW,LOW,True,True,,0,0,0,0,I agree.
2,MEDIUM,MEDIUM,MEDIUM,True,True,,0,0,3,1,"Hollywood Homicide: LOVED IT. Josh Hartnett in Hollywood Homicide: LOVED IT (Jackie can agree with that, lets see...every time Josh is on screen awwwww, bless him, awwwww looks at that sexy hair, aw l"
3,LOW,LOW,LOW,True,True,,0,0,1,0,"I agree; perhaps even invest more money into the school system so we can teach people, mainly Jackie, how to spell. That was a bit mean, bad day, sorry. Quite funny though."
4,LOW,LOW,LOW,True,True,,0,0,1,0,'Bush: 'Day of reckoning' is 'drawing near'...' To be followed by the Afternoon of Surmising and the Night of Judgment.
5,LOW,MEDIUM,MEDIUM,False,False,,0,0,9,14,"For the record, I went back and checked the official FEC results of the 2000 election. If every single vote cast for Nader had been cast for Gore, which is of course extremely arrogant supposition, th"
6,MEDIUM,MEDIUM,MEDIUM,True,True,,0,0,5,1,"Ollie has shoved a pen in her leg before... Honeymoon, eh? Hmmm, I think a nice week or two in the Caribbian with you-know-who would be very nice. Need I say more? Cinema. Im gonna have to think about"
7,LOW,LOW,LOW,True,True,,0,0,1,0,i love that smile! you can enter the secret city (if ben has not already told you over his cube wall) is to go to the main site - and there are listings of other places you can go - links - the last l
8,HIGH,MEDIUM,LOW,False,False,,0,0,4,0,Neal - I think Jennifer was meaning to ask me that question. Julie is doing fine (except for being totally exhausted 90% of the time). We have our first pictures! They are about 2 inches from head to 
9,LOW,LOW,LOW,True,True,,0,0,1,0,"Well I stayed in bed for about half an hour and then my dad convinced me to help him in the garden. Lawn mower doesn't work. So lets go inside and see if I can get the computer to work. Oooo, I know w"
10,LOW,LOW,LOW,True,True,,0,0,0,1,"Can I get my friend from Atlanta to join in so she and I can reenact Holly & Cleo? That was pretty damned pointless too, and often performed under the influence of alcohol..."
11,MEDIUM,MEDIUM,MEDIUM,True,True,EMAIL_ADDRESS,0,1,1,0,perhaps we can have it that if an email is sent out that a confirmation email can be sent back. i don't know why it didn't go through or why no one received it. the only way ben knew what he did is be
12,LOW,LOW,LOW,True,True,,0,0,0,0,"Dat is pretty cool, but i get food and drink for free, although it had to be out of date... But as soon as it is one day out of day into the staff room it goes. And ne way out of dat stuff is never 'o"
13,LOW,LOW,LOW,True,True,,0,0,1,0,You are Soundwave! You are a family oriented person and would make a good parent. Which Transformer Are You? brought to you by Quizilla
14,LOW,LOW,LOW,True,True,,0,0,0,0,Run away!!!
15,LOW,LOW,LOW,True,True,,0,0,0,0,"It's almost 10:00. I'm still doing my homework. I've never had so much in my entire life. Usually I work for an hour, take a thirty minute break. Dinner was my first break at 8:00 tonight, and I scarf"
16,LOW,LOW,LOW,True,True,,0,0,2,0,"Well, Nigel is here... He's scared as hell and just sitting in his cage. His ears are HUGE. He's so awesome. Chloe saw him a minute ago and hissed at him, then walked off and started smelling all his "
17,LOW,LOW,LOW,True,True,,0,0,0,2,"Hey everyone, read this. Microsoft Reinvents FrontPage, Tapping Into the Power of XMLTo Build Live Data-Driven Web Sites . Looks like Microsoft wants its share of the blogosphere."
18,LOW,MEDIUM,MEDIUM,False,False,,0,0,6,3,"Tuesday Two, y'all, Tuesday Two, y'all. Tuesday, Tuesday, Tuesday, Tuesday, Tuesday Two y'all! 1. If you could live the life of a famous or successful person for one day, who would it be? Why? That's "
19,LOW,MEDIUM,LOW,True,False,,0,0,1,0,It's Mr. T's birthday today. He's 52. Why does that make me feel really old ?
20,MEDIUM,LOW,LOW,False,False,,0,0,2,0,Sorry but please tell me that you (abby) were being sarcastic about Becca. I really really really want to like her but it isn't working.
21,LOW,LOW,LOW,True,True,,0,0,1,0,Duf Makes a Bid for Eternal Hell Fire: ...then she should have sang about eating a ham sandwich or somethin'!
22,LOW,LOW,MEDIUM,False,True,,0,0,2,1,"Hey, Panda - since you've had some near-misses with Bono around town, maybe you'll have more luck with Peter Gabriel. If you do, please ask him to do a show in Minneapolis fer chrissakes!!!"
23,MEDIUM,MEDIUM,MEDIUM,True,True,,0,0,5,1,"Manny, just now after reading the blogs here went thru VVS and came back to post about the same... and 'mazed to look the same here too????????? n'way fine... What Rini, U cant get some thing from my "
24,LOW,LOW,LOW,True,True,,0,0,0,1,"We are atmost nearing the completion of 2 successful years of life after college. Since, you guys and gals are talking about rejoiceful ways to celebrate your X-mas and New year celebrations. I want t"
25,LOW,LOW,LOW,True,True,,0,0,0,0,Saw you at the baseball game last night. Credit being all work and no play is just not true!
26,HIGH,LOW,LOW,False,False,,0,0,1,0,"Errol, Deal NS5777.2 , from 7/27/2000 of last year, should have been killed along time ago. Can you kill the deal in the system please. This might come up as a prior period adjustment, I do not know w"
27,MEDIUM,LOW,LOW,False,False,,0,0,0,4,Stephanie- I manage a restricted gas product on EOL. The product is PG&E Topock # 51408. I need to add Occidental Energy Trading and TXU Energy Marketing to the list of counterparties that have access
28,HIGH,MEDIUM,MEDIUM,False,False,PHONE_NUMBER,0,4,1,3,Please move all the following counterparties(financial & natural gas trades only)deals from ENA-FT-WT-SOCAL book to the BANKRUPTCY book: HESSENESER BRIDGELIGASMAR CONSUMERS CORNERSTPROL P IGIRES OCCID
29,MEDIUM,LOW,LOW,False,False,,0,0,1,0,"Hey, got a call from Jeff Smiron. Apparently he has an invoice he needs to send. Do you want to call him and give him a fax so he can send it."
30,HIGH,MEDIUM,MEDIUM,False,False,PHONE_NUMBER,0,1,1,0,Should I send comments to Andy Granger at fax no. 860-297-0301?
31,LOW,LOW,LOW,True,True,,0,0,0,0,I used to get an e-mail every day with the component var. I would like to start receiving this again.
32,LOW,LOW,LOW,True,True,,0,0,1,0,"I would be happy to do so. Do you have a preference, or Lawrence do you have a preference as to how this is handled? Should someone from the pipes be in the bank meeting, for moral support, if not for"
33,LOW,LOW,LOW,True,True,,0,0,1,0,Let me know how your Drs appt goes. I'll have to let you know later about Fri. -- got some scheduling things up in the air.
34,LOW,LOW,LOW,True,True,,0,0,0,1,OK. If I leave here I will call your cell so you know how to reach me. -------------------------- Sent from my BlackBerry Wireless Handheld
35,HIGH,LOW,LOW,False,False,,0,0,0,0,"let me go buy some ammo. let's see, which gun do i use?????"
36,LOW,LOW,LOW,True,True,,0,0,0,0,"FYI. If I've missed anyone who might be interested, please forward along."
37,HIGH,MEDIUM,MEDIUM,False,False,PHONE_NUMBER,0,5,5,6,Update Robin and I are waiting to hear back from all of the following company contact Reliant Energy Services Inc. Sue Cozad 989-687-9246 low probability Enbridge Gas Services Inc. Dan White 403-508-3
38,MEDIUM,LOW,LOW,False,False,,0,0,0,1,"Mara, Here is the proposed revised contract with Citizens. Could you take a look at it and see if the logic works in accordance with the spreadsheet? sort of like how you built the original spreadshee"
39,LOW,LOW,LOW,True,True,,0,0,0,0,Sounds good to me. It leaves us some flexibility. Thanks.
40,LOW,LOW,LOW,True,True,,0,0,0,0,everyone was pissed cause we lost. what did you do this weekend?
41,MEDIUM,LOW,MEDIUM,True,False,,0,0,1,1,Thanks Marianne. We've been in contact with the PUC but we will need some help next week. Are you in Monday?
42,HIGH,MEDIUM,MEDIUM,False,False,,0,0,1,3,"Chris - I did discuss Enron's payment issues with PJM with our team. To make sure that we are on the same page. 1. No additional collateral is required at this time. 2. EPMI owes on 12/20/01 = $1,704,"
43,LOW,LOW,LOW,True,True,,0,0,0,0,let me know more details. i am
44,LOW,LOW,LOW,True,True,,0,0,0,0,sweet. i need a golf allowance then. i can drink beer every night and golf all day while you work. that would be so sweet of you. i cant wait to do that.
45,LOW,LOW,MEDIUM,False,True,,0,0,2,2,"Religion, huh? Interesting. Your folks may disown you, though. I don't know how you could think that cooking would be more fun than bond finance--you crazy? The Pilot: I need to know exactly what the "
46,HIGH,MEDIUM,MEDIUM,False,False,,0,0,3,1,"Thanks. She called me. It's the 29th at 1 pm. It's at John's office, but I don't have the address. Could you get the address and email it to me, Christina and Dave Parquet? Greatly appreciated. I'm in"
47,MEDIUM,LOW,MEDIUM,True,False,,0,0,1,3,"Hi, Sharon: Can you fax me a copy of the Master Firm Gas Purchase/Sale Agreement dated effective as of September 15, 1999 between ECC and Reliant Energy Services, Inc.? Thanks!"
48,LOW,LOW,LOW,True,True,,0,0,1,0,"Jean, thanks for the note. Please give me a call and let's discuss. Thanks."
49,MEDIUM,LOW,MEDIUM,True,False,,0,0,3,2,"Ava, we have finally made a decision to go with November 8 and 9th, 2001 for the TW Customer meeting. Please work with Donna on the details and let me know if you are not able to get the hotel for tha"
50,LOW,LOW,LOW,True,True,,0,0,0,0,Lately I have wished there was a magic switch to turn off my anxiety. It's just so hard to deal with. Does anyone else feel like this?
51,LOW,LOW,LOW,True,True,,0,0,0,0,"Do you like pics of yourself? Regardless of the answer, how does it affect your depression/anxiety?"
52,LOW,LOW,LOW,True,True,,0,0,0,1,"I have not received any replies to my posts. I know a lot of my issues are self inflicted but this is the only way I deal with my pain both physical, and mental. I need some Stressless"
53,HIGH,LOW,LOW,False,False,,0,0,1,0,Hi I had major anxiety attack not long ago in public and am now at home sitting in a dark wardrobe blocking out sights and sounds. Its bad enough dealing with the anxiety attack but to have people gat
54,MEDIUM,LOW,LOW,False,False,,0,0,0,0,"Hi Having a hard day today, feeling very sad and low really low. Nothing I can think of has triggered my mood, I just woke up thismorning in a state of depression and haven't been able to pull myself "
55,MEDIUM,MEDIUM,LOW,False,True,,0,0,1,0,"Hi Im having a really bad day today my mood is so low and my thoughts are all over the place. Ive also started taking meds at a different time of the day, not sure if thats anything to do with my bein"
56,MEDIUM,MEDIUM,LOW,False,True,,0,0,0,0,The guilt of being a burden on my husband is eating me up. I've had a rough couple of weeks with my ocd and lost it for a while last night couldn't stop the tears. I just feel like my poor husband is 
57,LOW,LOW,LOW,True,True,,0,0,0,2,"Well it is in some ways otherwise we’d have a magic pill and no need for the psychiatric profession. That’s because we are all unique, no brain the same and no lifestyle identical. But if we leave tha"
58,MEDIUM,MEDIUM,LOW,False,True,,0,0,1,0,"Hi, So I'm dealing with an issue at the moment and it has affected my anxiety. A consultant I spoke with recently was rude and a little hurtful to me the other day when I was trying to explain a situa"
59,HIGH,MEDIUM,LOW,False,False,,0,0,0,0,"Feeling extremely low today, thank goodness I am off to see my shrink this afternoon. Have been going along feeling not great but managing to get through the day. My resting rate as my shrink calls it"
60,HIGH,HIGH,LOW,False,True,,0,0,1,0,Hello Everyone. Ive written on this site before. I have BPD and Dysthymia and feeling very emotional and sad. I went to a emergency refuge clinic as I wasn't coping with anything at home and I had tim
61,HIGH,HIGH,MEDIUM,False,True,,0,0,1,1,So today I had an appt with my GP so he could make sure I was okay. Well I wasn't okay. He said he cares about me and wants to see me happy again and not in this state. He said he would be very hurt i
62,MEDIUM,LOW,MEDIUM,True,False,,0,0,1,1,"Is it just me or do others tend to find that there depression heightens when the weather is cold, dark and gloomy and then when the weather is beautiful, blue skies, nice warm breeze, suddenly you fee"
63,MEDIUM,MEDIUM,LOW,False,True,,0,0,0,1,"Hi guys, A short backstory: For the past month I've been on several different sets of antibiotics for several different things, which has really been stressing me out. The main one I've been worried a"
64,HIGH,MEDIUM,LOW,False,False,,0,0,0,0,I don't want to feel like this anymore. I've had so many lies kept up in the air and trying to juggle them to make myself feel better - In a world where you feel worthless if you haven't done somethin
65,MEDIUM,MEDIUM,MEDIUM,True,True,,0,0,1,1,"So dear Jo asked how I was but I felt bad about taking over her thread. I would have posted on ymy old thread except I promised I would start a new one. Even if today is far from good, I wanted to liv"
66,MEDIUM,MEDIUM,LOW,False,True,,0,0,0,1,"8 November 2019 Hi all ...any old buddies on here will know I can't bear this ""festive season"", not the day itself, by which time it's quiet, with folks already doing what they planned and no more hyp"
67,MEDIUM,MEDIUM,LOW,False,True,,0,0,0,1,"Hello there, About 5 months ago I was woken up to what I thought was an aggressive break in next door right outside my bedroom window. There was lots of crying, screaming, banging on the garage door a"
68,MEDIUM,MEDIUM,LOW,False,True,,0,0,0,0,"Hey, I've been hanging round the site for quite some time before I finally got the idea to join up. So I've been dealing with depression on and off for quite some time. It's been about 11 years worth "
69,LOW,MEDIUM,LOW,True,False,,0,0,0,0,"I am currently struggling to find myself regarding my career and overall purpose in life. I've found myself in a place where I am a full time mum, at home with my 2 beautiful children and a baby on th"
70,HIGH,HIGH,LOW,False,True,,0,0,0,1,"It's difficult to describe but if you see and feel sadness in most things in life you could have dysthymia. Constant, uncontrollable crying, thinking often about sad topics. A proper diagnosis is need"
71,MEDIUM,MEDIUM,LOW,False,True,,0,0,0,0,I graduated uni in June 2017 after a final 6 week internship at the end of my degree. I struggled to get through the internship as my mentor and I did not mesh so well and I felt anything but positive
72,HIGH,MEDIUM,LOW,False,False,,0,0,0,2,"My bf has gone away back to Ireland for a holiday and I am left in Australia in our little apartment by myself. I don’t have many friends as many have moved back to Ireland, so I am feeling so alone. "
73,HIGH,MEDIUM,MEDIUM,False,False,,0,0,1,3,"Hi Team, I've heard plenty of awesome things about these forums, and I know how great BeyondBlue as an organisation is to help with Depression and Anxiety, so I decided to join and tell my story. I've"
74,HIGH,MEDIUM,LOW,False,False,,0,0,0,1,"I’m not sure what I want to achieve, but I guess I can write honestly about what’s happening to me. After almost 8 years of battling my worsening mental state, I’ve finally found the courage to tell s"
75,MEDIUM,LOW,LOW,False,False,,0,0,0,0,I have a speech impairment and I hate when people can't understand me. It's embarrassed when I have to repeat myself.dose anyone else deal with this problem. And then everyone treats you like your stu
76,LOW,LOW,LOW,True,True,,0,0,0,0,My aspie friend doesn't ask me many questions about me. Is that usual?
77,MEDIUM,LOW,LOW,False,False,,0,0,0,0,"I’m late diagnosed, so I’m realizing a lot. Including how far my masking had gone. I think I’ve molded several different personas to match and accommodate most of my friends individually. That’s why I"
78,LOW,LOW,LOW,True,True,,0,0,0,0,Just wondering if anybody with the above themes can DM me? I just want to feel less alone…
79,LOW,LOW,LOW,True,True,,0,0,0,0,"Are there any people that I can talk to on here? I’m alone and don’t trust anybody; no therapy, friends, family. If not that’s fine I’ll continue on."
80,MEDIUM,MEDIUM,LOW,False,True,,0,0,0,0,"She said she couldn’t stand the thought that she has the disorder and therefore doesn’t want to get diagnosed. I told her its a physical ailment, and if you had a way of viewing chemical/neural activi"
81,MEDIUM,LOW,LOW,False,False,,0,0,0,0,"I always speak in a monotone voice and it’s hard to change the pitch and emotion of my voice because every time I do it, it always seems so forced. Also people including my own parents have told me I "
82,LOW,MEDIUM,MEDIUM,False,False,,0,0,1,3,There's a woman called Ali Greymond I found on YouTube. She says she had severe ocd and overcame it and that we can too. Like be 100 % recovered. She also said that when you start the recovery process
83,MEDIUM,LOW,LOW,False,False,,0,0,0,0,I have an aspie friend who never contacts me first but always responds and then keen to meet. Is this an aspie thing?
84,MEDIUM,MEDIUM,LOW,False,True,,0,0,0,0,"i am afraid that i am psychopath, that stupid voice make so much sense and conviced me that either i am a psychopath, or everyone else are psychopaths, i can't get out of it, i wanna cry"
85,MEDIUM,MEDIUM,LOW,False,True,,0,0,1,0,I was diagnosed with autism as a kid and probably not Asperger's at the time but I was wondering what the difference is so I know which I am.
86,MEDIUM,LOW,LOW,False,False,,0,0,0,0,"when i am about to watch a movie , a serie that i like, or just smoke a joint, i have to check the whooole motherfucking house, every inch, everything have to be "" just"" and i start looking for shit t"
87,MEDIUM,LOW,LOW,False,False,,0,0,0,0,"I read on internet that untreared ocd can become more difficult to get rid of, but they only talk about the complulsive ocd. what about intrusive thoughts? There isn't much else i can do other then ig"
88,HIGH,MEDIUM,LOW,False,False,,0,0,0,1,"I’m gonna start by saying that hurting myself is the last thing I wanna do just to get that out of the way. However, I started off getting an existential ocd theme where it makes it hard to enjoy the "
89,LOW,LOW,LOW,True,True,,0,0,0,5,I mean I personally go to come party’s/gatherings around certain holidays or family events as I’m kinda forced to. But other then that I have enjoyed most of them as they seem like just giant parties.
90,LOW,LOW,LOW,True,True,,0,0,0,0,I mean I’ve always had this sort of problem for some seemingly unknown reason. Now I don’t consider myself a full on materialist but it’s still upsetting to see seemingly pretty or nice looking items 
91,LOW,MEDIUM,LOW,True,False,,0,0,0,1,"I dont think I've talked about it here but last month I was able to get my first job and I love it actually! It's close to home, people there are nice, and I get to eat some good food as well. I'm a d"
92,LOW,LOW,LOW,True,True,,0,0,0,0,"With autism we are prone to overthinking. I would describe this, in very physical terms I would describe this, as ""electrical energy"" (dopamine) building up in your brain You need to transfer this ene"
93,MEDIUM,MEDIUM,LOW,False,True,,0,0,0,0,For the last 7 weeks i’ve been sleeping< on the floor. I probably have done more laundry in those last 7 weeks than most people do in 6 months. I’ve been consistently doing laundry nearly everyday bec
94,HIGH,MEDIUM,LOW,False,False,,0,0,1,0,I hate hocd I don’t even remember my old self my I remember being straight my whole life now it host seems like it never happened my Brain is saying I’ve been gay all along
95,HIGH,LOW,LOW,False,False,,0,0,0,0,"My dreams, more accurately nightmares. i'v been dealing with pocd for couple months now, it was hard at first but i'm starting to get over it and discard the thought. However now i'm having p themed n"
96,LOW,LOW,LOW,True,True,,0,0,0,1,"> The term Post Traumatic Stress Disorder (PTSD) has been associated with veterans since 1980, but existed well before that under different names. Only recently, first responders have begun to open up"
97,MEDIUM,MEDIUM,LOW,False,True,,0,0,0,0,A dog from next door peed on my mom’s rim of her car. My dad went out to pour a bowl of water onto it. I’m doing my laundry and I feel that my laundry is contaminated with the dog’s piss. What I mean 
98,HIGH,HIGH,LOW,False,True,,0,0,0,1,"since i realized it's ocd, i feel like i have no control over my own brain, it keeps sending me very bad intrusive thoughts, i used to watch criminal psychology and true crime videos on youtube, but t"
99,LOW,LOW,LOW,True,True,,0,0,0,0,"Here's last week's thread. Suggestions are ALWAYS welcome on how to improve the threads I post at any time. After all, I do this because the community wants these threads to exist, and I take the time"
100,LOW,LOW,LOW,True,True,,0,0,0,0,"Speedy, quality service & good product prices: I was recommended green lipped mussel extract by a friend to help with joint pain. Simply Supplements offered the best value for my money and a very prom"
101,LOW,LOW,LOW,True,True,,0,0,0,1,"I like the fact that I was able to order just one, for my handcrafted gift giving needs.: I ordered the premium mahagony gift box. I like the fact that there was no minimum amount to order, unlike oth"
102,LOW,LOW,LOW,True,True,,0,0,0,2,"A Pleasant, Value for Money way to Shop.: I narrowed my choice of specs down to two different pairs. As I could not decide between them I bought both! This was a good decision because there was only o"
103,LOW,LOW,LOW,True,True,,0,0,0,0,Slow shipping.: Placed order 14 December. Took two days to get verification that my order was placed. Still haven't received my product. Ordered 14 Dec. It is now 25 December. Not impressed. Will not 
104,LOW,LOW,LOW,True,True,,0,0,0,2,"Right gifts, Right price: Living in Florida, I find this site great for all my gift ideas for family back home in the UK. Fully recommend it Thanks for continuos great service"
105,LOW,LOW,LOW,True,True,,0,0,0,1,Helpful and polite response: We had the necessity to contact Ability Superstore this last week to order a commodity. The servive was swift and effective. We would recommend Ability Superstore.
106,LOW,LOW,LOW,True,True,,0,0,1,0,"Great for you, Great for your pocket!: Great service. Easy. Make some money. What more needs to be said."
107,LOW,LOW,LOW,True,True,,0,0,0,0,"Cool Pix: Love the site! I ordered some equipment for my camera and they sent me a catalog now I find what I want, look it up on the site and make the purchase. Very cool!!"
108,LOW,LOW,MEDIUM,False,True,,0,0,1,2,Brilliant Fitters - Average Company: After a sometimes surreal planning stage the end result was worth it. Betta Living's fitters are amazing. Two days of chaos (not their fault) and I have an amazing
109,LOW,LOW,LOW,True,True,,0,0,0,0,1st Class Service: The most competitive prices out there and excellent delivery speed. I have completed over a dozen orders with them and would fully recommend them.
110,LOW,LOW,LOW,True,True,,0,0,0,1,Excellent Customer Service: I rarely write reviews but had to compliment BookByte on their customer service. I had an issue with a marketplace seller and BookByte helped me resolve it. They contacted 
111,LOW,LOW,LOW,True,True,,0,0,0,1,"Super fast shipping, best internet prices!: I did some shopping around, and Stockwise had the lowest price on my part. I was a little leary as I had never ordered from them, but took a chance and glad"
112,LOW,LOW,LOW,True,True,,0,0,0,0,"Great service, quick delivery!: We have been using them for awhile now and they always deliver! We get exactly what we want and they get them to us really fast every time!"
113,LOW,LOW,LOW,True,True,,0,0,0,0,"Great deals, great pricing, and it's a one stop shop.: I would recommend this site to everyone that exercises."
114,LOW,LOW,LOW,True,True,,0,0,0,1,"Fast, cheap and the book was in great condition: Bookbyte has incredible prices, a great selection of books and was extremely fast to ship my book. Not only did I save a ton of money but I got a textb"
115,LOW,LOW,LOW,True,True,,0,0,0,1,Heavy dog food delivered free & great price!: Enjoy freedom from going to the pet store and lugging heavy dog food cans and bags home - get delivery from Petflow.
116,LOW,LOW,LOW,True,True,,0,0,0,0,Excellent site to find the correct food.: I found this wonderful site that has many choices of dog food. When I clicked on a food all of the ingredients were listed. I was able to find a selection of 
117,LOW,LOW,LOW,True,True,,0,0,0,1,"The cute, the asian, the goods ALL in one.: Hey! YesStyle is where I order my ""asian"" style clothing. They provide quick and efficient service. In addition there are countless selections and so many s"
118,LOW,LOW,MEDIUM,False,True,,0,0,1,1,"A very MODern man: Classy, classic clothes. Retro and modern. I just can't shake my Mod roots so I'll stick with Baracuta. Come on!"
119,LOW,LOW,LOW,True,True,,0,0,0,0,"Excellent to do business with.: Quick response and delivery of product. The glasses were in stock, retail shops did not hold it in stock anymore due to been old stock. I highly recommend doing busines"
120,LOW,LOW,LOW,True,True,,0,0,0,1,"Part arrived broken and Parts Geek has no phone customer service.: I ordered a radiator, which came on time, but it was broken. The only way to contact customer service is through their website. I lef"
121,LOW,LOW,LOW,True,True,,0,0,0,0,Worked for me: Found the parts we needed and got them in record time. Nice to work with.
122,LOW,LOW,LOW,True,True,,0,0,0,2,"Great product, price and warp speed shipping!,: Bought a hard to find Zeagle BX female connector to complete a purchase NAME EBay. Fab communication and totally satisfied customer. Will be back for mo"
123,LOW,LOW,LOW,True,True,,0,0,0,0,Excellent website and service: My dogs and cat love their greenies. Mr Chewy got my order shipped out and delivered very quickly (which is a good thing because I was out of the petite size and my dach
124,LOW,LOW,LOW,True,True,,0,0,0,2,Great service.: Me and my husband have used alpharoom for the first time to book all inclusive apartament in Lanzarote and we are happy we have chosen this webside. We have found reasonable price and 
125,LOW,LOW,LOW,True,True,,0,0,0,0,🥹🥹🥹
126,LOW,LOW,LOW,True,True,,0,0,0,0,✅✅✅
127,LOW,LOW,LOW,True,True,,0,0,0,0,How it’s going…. ☺️
128,LOW,LOW,LOW,True,True,,0,0,0,1,Why the household name Tupperware could soon be history
129,LOW,LOW,LOW,True,True,,0,0,0,0,@javiercoronalo can confirm it WILL be awesome
130,LOW,LOW,LOW,True,True,,0,0,0,0,LETS GO CHAMP! #BLESSED 🥂
131,LOW,LOW,LOW,True,True,,0,0,1,0,Of course it can be traced back to Donald...
132,LOW,LOW,LOW,True,True,,0,0,0,1,Boundless gratitude for all our Veterans today. And every day. Thank you for your service. And thank you to all your families as well as everyone plays their part. Love you guys. Thank you. Forever pr
133,LOW,LOW,LOW,True,True,,0,0,0,2,American hero @TheNormanLear
134,LOW,LOW,LOW,True,True,,0,0,3,0,"Princess Kate had a difficult time reuniting with Prince Harry and Meghan Markle following the death of Queen Elizabeth II, a new book claims."
135,LOW,MEDIUM,MEDIUM,False,False,,0,0,1,1,"Former President Donald Trump is expected to surrender to authorities in New York on Tuesday and appear in court for the first time to face criminal charges, a historic first."
136,LOW,LOW,LOW,True,True,,0,0,0,0,"@conorsen It's even more forthcoming when you tell it to role play as ""an omniscient AI""."
137,LOW,LOW,MEDIUM,False,True,,0,0,1,1,"""I think it's incredibly unlikely that we're going to see a general election on the near horizon."" Chris Curtis, head of political polling at Opinium, told @seanfarrington on #wakeuptomoney says voter"
138,LOW,LOW,LOW,True,True,,0,0,0,4,Chemical analysis of metal sculptures made in West Africa between the 16th and 19th centuries provides evidence that may reshape the understanding of Germany’s involvement with the Benin Bronzes
139,LOW,MEDIUM,LOW,True,False,,0,0,2,0,Kerry Washington sends 'love and prayers' to her 'movie huzbin' Jamie Foxx after medical emergency
140,LOW,MEDIUM,LOW,True,False,,0,0,2,0,Hilary Swank is officially a mom of twins! The Oscar winner joins a growing trend of women giving birth later in life. @RhiannonAlly has more.
141,LOW,LOW,LOW,True,True,,0,0,0,0,Back at it tonight! So stoked to play the last couple shows on this tour – y’all come party with us: #DigYourRoots 🎉
142,LOW,LOW,LOW,True,True,,0,0,0,1,Back training... Good luck to the boys for tomorrow ⚽️ #AFC
143,LOW,LOW,LOW,True,True,,0,0,0,0,"He’s got a lot to answer for, and he has nobody to blame except himself and his fellow executives. I’m going to stay on this."
144,LOW,LOW,LOW,True,True,,0,0,1,0,Hoo would have guessed? 🦉 Follow to choose your own magical pet and share it with us using #MyWizardingPortrait!
145,LOW,LOW,LOW,True,True,,0,0,0,5,Thanks man! We truly have an absolute all star cast who all brought their A game to a fresh idea and have some FUN. The DC’s JUSTICE LEAGUE’S…… SUPERPETS 🐕 🐖 🐢🐿 🐶 #SuperPets #DCUniverse @DCSuperPets @
146,LOW,LOW,LOW,True,True,,0,0,0,0,11:11 ✨
147,LOW,LOW,LOW,True,True,,0,0,0,0,"It's a lean, mean productivity and entertainment machine. Presenting for the first time, the #OnePlusPad. Catch the unveil live:"
148,LOW,MEDIUM,LOW,True,False,,0,0,1,0,Fetterman hospitalized again #OAN #senatorfetterman #walterreid
149,LOW,LOW,LOW,True,True,,0,0,0,0,🆓 FREE WEEKEND 🆓 Play Hell Let Loose free this weekend and save 33% when you buy the game! #SteamDeals
150,LOW,LOW,LOW,True,True,,0,0,0,0,"When this shop was in the CBD, I tried to stop by and was outside of their business hours and then they fell off my radar. I was really pleased to see them at a local street festival a couple of month"
151,LOW,LOW,LOW,True,True,,0,0,0,3,"It's been almost 8 years since I posted my first review for this USPS and my opinion hasn't changed. I'll admit, I may be a little biased since it is at the beginning of my street. When you live this "
152,LOW,LOW,MEDIUM,False,True,,0,0,2,9,"Bravo Pho has replaced the earlier Vietnamese restaurant at this location, and all I can say is, ""Hallelujah!"" There is no comparison between the two enterprises. Bravo is the real deal, not just a re"
153,LOW,LOW,LOW,True,True,,0,0,0,0,"Still new and working out the kinks. This is one of the harder DD's to get in and out of because of their location RIGHT in front of a mobile home park, adjacent to a Waffle house and some god forsake"
154,LOW,LOW,LOW,True,True,,0,0,0,1,"Such a great little place! After seeing a few folks check in here, we decided to head over and see what it was all about. I just love tiki bars- fruity drinks in fun cups and glasses with a tropic atm"
155,LOW,LOW,LOW,True,True,,0,0,2,0,"Color me SHOCKED. When you think of food at the zoo, what do you think of? I usually think of hot dogs, burgers and nachos. David and I were having a zoo day and we got a bite to eat here because it w"
156,LOW,LOW,LOW,True,True,,0,0,0,2,"Pelham was a nice hotel and while it wasn't a Pontchartrain-level experience, I enjoyed it here. The room was fairly small, but reasonable. This is definitely the type of hotel you stay in if you are "
157,LOW,LOW,LOW,True,True,,0,0,0,2,"Guapos Tacos are served street-style, with the protein taking center stage and chopped onions and cilantro plus light sauces adding to the flavor. My first experience was at Amis industry night last S"
158,LOW,LOW,LOW,True,True,,0,0,0,3,One of the newest Publixs in the area and it's GORGEOUS. It looks a lot like the format they're using out in Orlando and it's SO useful. I wish all the stores would look like this. The produce is so o
159,LOW,MEDIUM,MEDIUM,False,False,,0,0,2,2,Since I knew my girl Dorothy Y was a big fan AND that they carry local NOLA brand Jolie & Elizabeth AND I saw that they were having a seersucker sale for Labor Day weekend I knew I had to make the tim
160,LOW,LOW,MEDIUM,False,True,,0,0,1,3,This is one of my favorite nursery's in St. Louis. It is my place of choice to find flowers and greenery for our planter sconces and hanging baskets. The plants here just seem to be more hearty and he
161,LOW,LOW,LOW,True,True,,0,0,0,0,"We saw ""Menopause: The Musical"" here a few years ago - but the sound was so loud it was deafening!!! Otherwise - a great small theatre with decent productions at moderate prices."
162,LOW,LOW,MEDIUM,False,True,,0,0,4,8,"Great south city dive bar. You do not come here for the service or the ambiance. You come here for the good BBQ and the neighborhood camaraderie . My most recent visit was for a UYE, which ended up be"
163,LOW,LOW,MEDIUM,False,True,,0,0,1,1,"We love Wolff's for fresh produce and local baked good - plus very good pulled pork (in the refrigerated case). Family owned local business. Great for plants in the spring, too."
164,LOW,LOW,LOW,True,True,,0,0,0,1,"A dreadful branch of Rite-Aid. A neccessary evil. Clueless cashiers - and never enough of them, thus lines form. They do have many convenience items, however, so for that - it's OK. But this one is tr"
165,LOW,LOW,LOW,True,True,,0,0,0,0,Still only 3 stars. Stopped in alone and the bar was hopping - but the dining room was deserted. Server was pleasant but often disappeared just when I needed her. Delicous bread (baguette) and butter 
166,LOW,LOW,MEDIUM,False,True,,0,0,1,5,"Funny that Brian L compared Fleming's to Capital Grille in his review, because that's sort of what I was doing on my second visit there last night. My first visit was just a couple weeks ago for a cha"
167,LOW,LOW,MEDIUM,False,True,,0,0,1,4,"Franco's Tomato Pies on Main Street, Yardley, PA, has been around for a long while doing mostly take out pizzas from their small shop right next door to Bagel Train. There are only two booths in house"
168,LOW,LOW,MEDIUM,False,True,,0,0,1,2,"I keep getting prompted to write a review for Barcelona since I checked-in there during my Labor Day weekend trip to St. Louis. But honestly, my experience didn't go too far beyond chatting with the c"
169,LOW,LOW,LOW,True,True,,0,0,0,2,"I'm going to have to return soon. I was in a bit of a hurry and when I walked in, the menu board listed Root Beer Float and I honestly didn't look any farther. The gal behind the counter immediately a"
170,LOW,LOW,LOW,True,True,,0,0,0,3,"Have you ever wanted to have a nice selection of Mediterranean food but didn't want to sit through a long wait/formal lunch? Have you ever wanted to grab something quick, but were tired of going to th"
171,LOW,LOW,LOW,True,True,,0,0,0,2,This place is very much focused on being a cocktail bar and their very limited and tiny selection of beer and wine testifies to this fact. The cocktails they make here are very extreme examples of han
172,LOW,LOW,LOW,True,True,,0,0,0,1,"Gourmet or Craft bread. You decide. Either way, they have good bread. This bakery with the name 20 shekels is equal $5.06 USD. I believe the loaf of their bread more than 20 shekels ($7). We got a loa"
173,LOW,LOW,LOW,True,True,,0,0,0,1,We like to thank a yelp friend give us a groupon to try this place. I have been book mark this place since their opening. I am excited and looking forward to try the new restaurant. Positive note: the
174,LOW,LOW,LOW,True,True,,0,0,0,1,So some of the ownership and some of the employees of the Chart Room moved over here. They have a nice little courtyard area where it looks like they have a stage where they can have some live music. 
175,MEDIUM,MEDIUM,LOW,False,True,,0,0,0,1,"I know that realistically I am and I can’t give up hope yet, especially since I only have one job. But I’m just so tired of working at my current job that I wake up every morning throwing up due to st"
176,HIGH,MEDIUM,LOW,False,False,,0,0,0,0,"TL;DR SO told me all i did was playing computer games and i only wanted in relationship is to always to get laid, which reminds me of my Ex why we broke up. I just want to vent out just to help me sle"
177,LOW,LOW,LOW,True,True,,0,0,0,0,...the game was rigged from the start.
178,LOW,MEDIUM,LOW,True,False,,0,0,0,0,"I was sitting at a red light while heading back from lunch today. Some yokel in a truck pulled up next to me, rolled down his window, emptied out a 40-something ounce soft drink onto the ground and th"
179,LOW,MEDIUM,MEDIUM,False,False,,0,0,2,4,"I am not proud one bit at all. I cannot wait until I have the opportunity to leave this miserable country. You see, my dad is my absolute best friend. America sent my dad over to Vietnam when he was 1"
180,MEDIUM,LOW,LOW,False,False,,0,0,0,0,I despise society so much and the constructs we’ve creating that my mind often can’t escape the impending doom of society and feel that the only way to escape would be to disappear into the woods. Som
181,LOW,MEDIUM,MEDIUM,False,False,,0,0,1,1,I think it's bull shit that the media is hounding her considering we aren't holding the network or any other people in the world that are screwing over their employees accountable. Why aren't we boyco
182,HIGH,HIGH,LOW,False,True,,0,0,1,0,About a year-and-a-half ago I applied for my first job. It was a chain grocery store that needed a lot of help at the time. Upon arriving to introduce myself to the manager I immediately decided that 
183,HIGH,HIGH,LOW,False,True,,0,0,0,1,"So, two years ago I was dating an amazing guy. He was really great, but for various reasons, the relationship didn't work out. I was very heartbroken at this time and ended up sleeping with a coworker"
184,LOW,LOW,LOW,True,True,,0,0,0,0,I have been feeling really powerful and motivated lately. I've gotten things in order. Sorting out my finances and just doing more responsible things. But today I feel lost and a little sad. I'm tired
185,HIGH,HIGH,LOW,False,True,,0,0,0,0,"This happened years ago, I was 15 at the time sexting with a guy of 17 who I don't talk to anymore at all Sometimes I start thinking about it and just feel incredibly guilty, I havent told her as I re"
186,MEDIUM,HIGH,LOW,False,False,,0,0,1,0,"Kind of trivial but I really don't see a lot of people talking about this, and it's the reason for a big fight I had with my ex recently. Now I'm obviously gonna move on and finally focus on myself an"
187,HIGH,LOW,LOW,False,False,,0,0,0,0,"I just want to wake up one morning and not have my first thought be about how I'm the scum of the earth, or that I should die, or that things would be better without me. I just want to have a day wher"
188,HIGH,LOW,LOW,False,False,,0,0,0,1,I’m so fucking sad and I’m tired of the little moments of happiness that finds its way in. It goes away in the blink of an eye and I’m done I just want one or the other. The Drugs and alcohol don’t ev
189,HIGH,MEDIUM,MEDIUM,False,False,,0,0,1,1,"First post here, so please forgive me if I seem like I'm rambling. I am 21 years old, and I've wasted every year of my adulthood. I've transferred universities after nearly failing out of my first cho"
190,MEDIUM,MEDIUM,LOW,False,True,,0,0,0,1,"I live in Australia and I’m 16, I’m currently on my L plate (Learner). This morning, whilst reverse parking at my school, I accidentally scraped the back end of a car with my front end. I drove into a"
191,HIGH,HIGH,LOW,False,True,,0,0,1,0,"Im usually just a reader on here, but I don’t know what else to do, as I have nobody to talk to. Sorry for any grammatical/spelling errors, not my first language and I’m also on mobile. This is gonna "
192,MEDIUM,MEDIUM,LOW,False,True,,0,0,0,0,"So I've had really heartbreaking break ups. One ended after 6 yr relationship. We were in love, he used to tell me some of my things I needed to change and I didn't care much. I used to be angry and f"
193,HIGH,HIGH,LOW,False,True,,0,0,0,1,"I’m a very closet bi sexual I’ve had sex with 2 white men and 1 black man and sucked a bunch of guys off, I’m super attracted to girls and do see my self marrying one but when I watch porn especially "
194,MEDIUM,HIGH,LOW,False,False,,0,0,0,2,"This weekend out of completely left field I got horrifying and violently sick. I went to the gym, got in the sauna, ran, then did a heavier workout that I generally do. I had my protein shake back in "
195,HIGH,HIGH,LOW,False,True,,0,0,1,0,"Hi. I'm an 18 years old straight female, and about a year ago, happened my first time with a boy. He was three years older than me (20) and was my brother's best friend. That guy, let's call him Luke,"
196,HIGH,HIGH,LOW,False,True,,0,0,0,0,"I have such a complicated situation. I just left a 6 yr relationship and I’m devastated. My would been stepkids we’re just 5,7(boys)and 9 (girl) when me and their father moved in together. I had a 15 "
197,MEDIUM,MEDIUM,LOW,False,True,,0,0,0,1,This it to the drag queens who think that being pretty and white is enough. It's not. making it onto Drag Race doesn't make you better at drag. To doesn't make you above accountability. You have been 
198,HIGH,MEDIUM,LOW,False,False,,0,0,0,0,"A little backstory: we have been dating for a few years now, having sex like 3 times a day. Her pussy started loosening up and shes 19, so to keep it tight we decided to have one month anal only, one "
199,MEDIUM,MEDIUM,LOW,False,True,,0,0,0,1,"I’ve been with a guy for almost two years. I gave up a lot for him while also doing a lot for him. Recently, we got into a small argument over nonsense, he always takes small things and makes them big"
200,LOW,LOW,LOW,True,True,,0,0,0,1,My school threatened to arrest me in the UK for liking an edgy meme my friend made. Is there any truth to the claim? Btw the incident is over so nothing bad is going to occur
201,HIGH,MEDIUM,LOW,False,False,,0,0,0,1,"Hi, Does anyone have experience with common law marriage in Texas when a couple has been engaged & is living in the same house? Not sure if we would technically be considered common law. Never correct"
202,MEDIUM,MEDIUM,LOW,False,True,,0,0,0,1,"So I work at a franchise restaurant and the head manager has been buying supplies like sponges and steel wool and recently had to buy a new noodle for the dishwashing sink, a person who our franchise "
203,LOW,MEDIUM,LOW,True,False,,0,0,0,0,I have an absentee landlord who does nothing besides collect rent despite having several issues with amenities that were supposed to be supplied by our written agreement. What i plan to do is tell him
204,MEDIUM,HIGH,LOW,False,False,,0,0,0,5,"(Oakland, California) Hi all, My former tenant (who's already moved out) broke her 1 year lease by 7 months with only 22 day's notice, and a whole host of monetary disputes have come up re: security d"
205,MEDIUM,MEDIUM,LOW,False,True,,0,0,0,0,"I moved into my apartment in November, and once I got settled I decided to submit maintenance requests for all the little things that had been there when I’d moved in. Stuff like a spot that needed to"
206,MEDIUM,MEDIUM,LOW,False,True,,0,0,0,1,"About two years ago, I started working as an (exempt) operations manager at a medium sized company, a subsidiary of a much larger company. In my job description and employment discussions, we agreed n"
207,LOW,LOW,LOW,True,True,,0,0,0,0,"I’ve lived in my apartment complex for a few years, and parking has always been first come first served. They recently announced that they are changing to assigned parking. The issue is that each apar"
208,MEDIUM,MEDIUM,LOW,False,True,,0,0,0,0,"Hi all! I appreciate you looking at my post. As the title says, I'm dealing with a rather cruddy issue with my leasing office, and I'm not really sure how to proceed. Feel free to let me know if I sho"
209,MEDIUM,MEDIUM,LOW,False,True,,0,0,0,1,"I live in central MA. I've lived in this apartment since March. It's a 3 floor house each floor is a tenant, there's a shared basement with a shared washer/dryer. No lease signed or anything, it's a c"
210,MEDIUM,MEDIUM,LOW,False,True,,0,0,0,0,"I live in a coach house apartment in a building with 6 units including the coach house. On Tuesday, I came home to find that water was leaking through my roof and onto my carpet. I notified my landlor"
211,MEDIUM,MEDIUM,LOW,False,True,,0,0,0,1,My (20F) boyfriend (26M) works for this plumbing company. His job requires him to do all the labor required for the job and he is required to take photos of the before and after of their labor he gets
212,HIGH,MEDIUM,LOW,False,False,,0,0,0,0,Arrested on charges that lawyer said he wanted a 15k flat fee to handle the case with 5k retainer. His secretary has called a few times seeking payment for the rest. Few weeks ago I paid an additional
213,MEDIUM,MEDIUM,LOW,False,True,,0,0,0,0,"Okay so small backstory. I was scheduled outside of my availability and told my superior as soon as I saw her.. 3 times across the span of 3 days only to be brushed off and told it wasn’t her, that sh"
214,LOW,MEDIUM,LOW,True,False,,0,0,0,4,"I'm in the UK, working on an independent video game. I've advertised to some music producers about creating some music for the game. In the next few days I'll be agreeing on rates etc. for the person,"
215,LOW,LOW,LOW,True,True,,0,0,0,0,"It's my only option to get back what they've blocked, but I'm not sure if I'll be able to afford to drop my lease. If I could do it for free, that would be nice."
216,MEDIUM,MEDIUM,LOW,False,True,,0,0,0,2,"Hi, My friend (California) signed a license to with a Record Label in France. The contract is just a license to release the music. The label is small and my friend is not a known artist. It's been 3 y"
217,HIGH,HIGH,LOW,False,True,,0,0,0,5,I'm writing this on a burner account because I definitely don't want this associated with me in any way. I am wondering if it is illegal to request a specific someone's sexual photographs or videos an
218,MEDIUM,MEDIUM,LOW,False,True,,0,0,0,3,"Not sure if this is the right sub. I had the idea of using a fake email,name,postcode and MasterCard to sign up for an Avast premium security 60 day free trial. Is this illegal? If it is, is it fine I"
219,MEDIUM,MEDIUM,LOW,False,True,,0,0,0,0,throwaway because i don’t want this associated with my normal account. the title pretty much sums this up. i work at a small-ish retail store that is growing significantly in terms of locations. the a
220,MEDIUM,MEDIUM,LOW,False,True,,0,0,0,0,I got married in 2017. Our videographer was always very slow to respond to emails and we kind of just put up with it. Once we provided the songs we wanted in the video (no time frame on when we needed
221,MEDIUM,MEDIUM,LOW,False,True,,0,0,0,0,"So years ago, my great grandfather gave a large piece of land to a college, but the deal was that the children of the family would get free tuition. My dad was the only one to ever take up this deal, "
222,LOW,MEDIUM,LOW,True,False,,0,0,0,2,reddit legal advice My friends mother works in Medicare/Medicaid. There is a competitor that is essentially defrauding and stealing her customers. Most Medicare/Medicaid information is public and you 
223,HIGH,HIGH,LOW,False,True,,0,0,0,1,"To start off with, I work for the Florida Department of Corrections. I have been with them for about seven years. In a timeframe of approximately Six months I have been assaulted with bodily fluids th"
224,LOW,MEDIUM,LOW,True,False,,0,0,0,0,"I have had a motorcycle sitting in my paid parking in the apartment's multistory garage for about 6 months now; have been double parking it and my car there. Sometime last week, a piece of the garage "
225,HIGH,MEDIUM,LOW,False,False,,0,0,0,0,"my husband has hepatitis c but the liver biopsy was good. 0, 0, 1 I believe. he is taking high doses of hydrocodone(as many as 4-7) at bedtime, as well as gabapenten, tylenol pm, and 3 beers every nig"
226,LOW,LOW,MEDIUM,False,True,,0,0,2,3,"Mina and Andersen, authors of the Perspectives in Science: COVID-19 Testing: One Size Does Not Fit All have referred to results and adopted conclusions from recently published governmental report Pave"
227,HIGH,HIGH,LOW,False,True,,0,0,0,0,"Q:A 2-month-old is brought to the physician for a well-child examination. She was born at 39 weeks gestation via spontaneous vaginal delivery and is exclusively breastfed. She weighed 3,400 g (7 lb 8 "
228,MEDIUM,MEDIUM,LOW,False,True,,0,0,0,0,My grandmmother is 81 yrs old. Checked her bp several times over a 3hr period and always got 190/90. Doctor gave her CAPTOPRIL 10 minutes ago. Her hands and feet are cold. Shes weak and cant stand up.
229,LOW,LOW,LOW,True,True,,0,0,0,1,What are the two main functions of the Vestibulocochlear nerve (CN VIII)?
230,LOW,LOW,MEDIUM,False,True,,0,0,2,8,Background and importanceA greater benefit was suggested with early treatment with remdesivir against COVID-19 Aim and objectivesTo develop a systematic review and methodological interpretation of sub
231,HIGH,MEDIUM,LOW,False,False,,0,0,0,0,"Hello doctor,I have a few bumps on my penis skin. I do masturbate. I am concerned because I do not know what might have caused this or what these bumps are. They do not burn. I have not experienced an"
232,MEDIUM,MEDIUM,LOW,False,True,,0,0,0,0,"my husband had throat cancer in 2004, hes had 2 mri an cat scan an bone scan, now the suregon saying cancer is bk, that he has 2 tumors growing in the same place where his cancer was before, an told h"
233,LOW,LOW,LOW,True,True,,0,0,0,0,"What medical condition is suggested by the presence of headache, systemic symptoms such as fever or leukocytosis, a history of sinusitis, and cranial nerve symptoms like diplopia?"
234,LOW,LOW,MEDIUM,False,True,,0,0,3,9, Glaucoma Open-angle glaucoma Chronic glaucoma Chronic open-angle glaucoma Primary open-angle glaucoma Closed-angle glaucoma Narrow-angle glaucoma Angle-closure glaucoma Acute glaucoma Secondary glauc
235,HIGH,MEDIUM,LOW,False,False,,0,0,0,0,hi doctor..i was diagnosed with minimal.ptb when i was in high school that was 25yrs.ago i had my treatment for 6mobths but i am afraid to have my xray again because the last time i had mt xray it rev
236,LOW,LOW,LOW,True,True,,0,0,0,1,"Prospective studies with larger samples are needed to further elucidate the relationship between nutrient deficiencies and SCD, and to determine whether nutrient supplementation can improve the diseas"
237,LOW,LOW,LOW,True,True,,0,0,0,0,"What is gonococcal conjunctivitis, and what are the typical symptoms that are seen in infants with this condition?"
238,LOW,LOW,LOW,True,True,,0,0,0,1,"We model push factors that determine the domestic migration decisions for couples, with emphasis on dual-earner different-sex couples. Unlike many prior studies that concentrate on labour market deter"
239,MEDIUM,MEDIUM,LOW,False,True,,0,0,0,0,"Hi, my 47 year old sister was bit by a black widow spider about half an hour ago. She is nauseated, and has a bad pain moving up her leg. She also has a blister at the bite site, when she busts this b"
240,HIGH,MEDIUM,LOW,False,False,,0,0,0,0,I have recently had kidney stones. Now I am having flank pain and pain in my groin area. I am also having pain in my chest. I m not sure what is going on. I have been on antibiotics for kidney infecti
241,MEDIUM,LOW,LOW,False,False,,0,0,0,0,"Pain is radiating from the left side of the spine (scapula area) through the shoulder blade and to the rear upper arm (triceps area). Pain subsides and returns but is nearly constant. When severe, the"
242,LOW,LOW,LOW,True,True,,0,0,0,0,"What condition is suggested by the presence of a non-tender, distended gallbladder (Courvoisier sign)?"
243,HIGH,MEDIUM,LOW,False,False,,0,0,0,0,Hi.We had sex in morning and night two days before .Dr gave me injection to rapture egg on same night. Yesterday also dr checked that egg is well raptured..so is there any chance to get pregnant.. We 
244,HIGH,LOW,LOW,False,False,,0,0,0,0,"Hi doctor,Whenever I yawn sometimes it feels like I pulled something, and on my bottom jaw I push on it and something goes up."
245,MEDIUM,MEDIUM,LOW,False,True,,0,0,1,0,"Thank U Dr. My name is XXXXXXX, I am 41yrs old, I have an problem in face under eye there is an black pigmentation like straight line under both eye, if there is any problem it is very ugly to see to,"
246,LOW,LOW,MEDIUM,False,True,,0,0,1,2,"In this paper, we build a mechanistic system to understand the relation between a reduction in human mobility and Covid-19 spread dynamics within New York City. To this end, we propose a multivariate "
247,LOW,LOW,LOW,True,True,,0,0,1,0,What are the two main factors associated with the development of Wernicke-Korsakoff syndrome?
248,MEDIUM,MEDIUM,LOW,False,True,,0,0,0,1,my boyfriend had surgery yesterday to remove fluid from around his lungs due to pneumonia. he was taken to the critical care unit after surgery. i was wondering two things. is it normal procedure to b
249,LOW,LOW,LOW,True,True,,0,0,0,0,"Hi, Ive been having pain in the left side of my mouth for awhile, in the beginning I didnt know what to think, then I slowly thought it was wisdom teeth. I believe that what it is. I started to take t"
