id,text,ground_truth,predicted_label,predicted_confidence,prob_LOW,prob_MEDIUM,prob_HIGH,prediction_status,is_correct
1,"Person Name: John Smith, State: Alabama, Drivers License: 43254526, Issue Date: 2015-05-22, Expiration: 2023-05-22, SSN: 379-45-6789, transactionID: 379-45-6789, Street: 123 Main St, City: Birmingham, State Abbreviation: AL, Zip Code: 35201, DOB: 1980-01-15, Purchase Date: 2022-06-21",HIGH,HIGH,1.0,0.0,0.0,1.0,ok,True
2,"Person Name: Nikki Johnston, State: Alaska, Drivers License: 7634534, Issue Date: 2018-07-10, Expiration: 2023-07-10, SSN: 187-65-4321, transactionID: 187-65-4321, Street: 456 Elm St, City: Anchorage, State Abbreviation: AK, Zip Code: 99501, DOB: 1992-06-30, Purchase Date: 2022-06-22",HIGH,HIGH,1.0,0.0,0.0,1.0,ok,True
3,"Person Name: Michael Williams, State: Arizona, Drivers License: D64523489, Issue Date: 2012-09-18, Expiration: 2024-09-18, SSN: 555-12-3456, transactionID: 555-12-3456, Street: 789 Oak St, City: Phoenix, State Abbreviation: AZ, Zip Code: 85001, DOB: 1975-11-02, Purchase Date: 2022-06-23",HIGH,HIGH,1.0,0.0,0.0,1.0,ok,True
4,"Person Name: Jennifer Brown, State: Arkansas, Drivers License: 968735594, Issue Date: 2016-03-07, Expiration: 2022-03-07, SSN: 246-80-1357, transactionID: 246-80-1357, Street: 321 Pine St, City: Little Rock, State Abbreviation: AR, Zip Code: 72201, DOB: 1990-04-25, Purchase Date: 2022-06-24",HIGH,HIGH,1.0,0.0,0.0,1.0,ok,True
5,"Person Name: Robert Jones, State: California, Drivers License: C9548198, Issue Date: 2014-08-22, Expiration: 2024-08-22, SSN: 789-45-0123, transactionID: 789-45-0123, Street: 654 Maple St, City: Los Angeles, State Abbreviation: CA, Zip Code: 90001, DOB: 1983-09-12, Purchase Date: 2022-06-25",HIGH,HIGH,1.0,0.0,0.0,1.0,ok,True
6,"Person Name: Amanda Davis, State: Colorado, Drivers License: 795849403, Issue Date: 2019-07-03, Expiration: 2023-07-03, SSN: 369-87-2105, transactionID: 369-87-2105, Street: 987 Cedar St, City: Denver, State Abbreviation: CO, Zip Code: 80201, DOB: 1996-02-18, Purchase Date: 2022-06-26",HIGH,HIGH,1.0,0.0,0.0,1.0,ok,True
7,"Person Name: David Miller, State: Connecticut, Drivers License: 715201334, Issue Date: 2013-01-09, Expiration: 2024-01-09, SSN: 563-25-7410, transactionID: 563-25-7410, Street: 654 Birch St, City: Hartford, State Abbreviation: CT, Zip Code: 6101, DOB: 1987-12-04, Purchase Date: 2022-06-27",HIGH,HIGH,1.0,0.0,0.0,1.0,ok,True
8,"Person Name: Sarah Wilson, State: Delaware, Drivers License: 2349756, Issue Date: 2017-10-30, Expiration: 2023-10-30, SSN: 852-96-3014, transactionID: 852-96-3014, Street: 321 Willow St, City: Wilmington, State Abbreviation: DE, Zip Code: 19801, DOB: 1991-07-19, Purchase Date: 2022-06-28",HIGH,HIGH,1.0,0.0,0.0,1.0,ok,True
9,"Person Name: Robert Garcia, State: Georgia, Drivers License: 548398296, Issue Date: 2016-06-14, Expiration: 2024-06-14, SSN: 456-78-9012, transactionID: 456-78-9012, Street: 987 Spruce St, City: Atlanta, State Abbreviation: GA, Zip Code: 30301, DOB: 1994-08-07, Purchase Date: 2022-06-30",HIGH,HIGH,1.0,0.0,0.0,1.0,ok,True
10,"Person Name: Jessica Rodriguez, State: Hawaii, Drivers License: H72544769, Issue Date: 2013-11-25, Expiration: 2023-11-25, SSN: 321-09-8765, transactionID: 321-09-8765, Street: 654 Cherry St, City: Honolulu, State Abbreviation: HI, Zip Code: 96801, DOB: 1982-05-10, Purchase Date: 2022-07-01",HIGH,HIGH,1.0,0.0,0.0,1.0,ok,True
11,"Person Name: Matthew Taylor, State: Idaho, Drivers License: TP123288A, Issue Date: 2016-04-02, Expiration: 2022-04-02, SSN: 789-30-4561, transactionID: 789-30-4561, Street: 321 Pineapple St, City: Boise, State Abbreviation: ID, Zip Code: 83701, DOB: 1989-09-29, Purchase Date: 2022-07-02",HIGH,HIGH,1.0,0.0,0.0,1.0,ok,True
12,"Person Name: Laura Martinez, State: Illinois, Drivers License: P293-5163-5223, Issue Date: 2018-05-18, Expiration: 2023-05-18, SSN: 258-03-1476, transactionID: 258-03-1476, Street: 789 Orange St, City: Chicago, State Abbreviation: IL, Zip Code: 60601, DOB: 1993-06-05, Purchase Date: 2022-07-03",HIGH,HIGH,1.0,0.0,0.0,1.0,ok,True
13,"Person Name: Joshua Lewis, State: Indiana, Drivers License: 5421-56-9876, Issue Date: 2019-09-08, Expiration: 2024-09-08, SSN: 251-68-2304, transactionID: 251-68-2304, Street: 987 Mango St, City: Indianapolis, State Abbreviation: IN, Zip Code: 46201, DOB: 1997-10-14, Purchase Date: 2022-07-04",HIGH,HIGH,1.0,0.0,0.0,1.0,ok,True
14,"Person Name: Lisa Thomas, State: Iowa, Drivers License: 876XX9898, Issue Date: 2017-03-12, Expiration: 2023-03-12, SSN: 753-41-9062, transactionID: 753-41-9062, Street: 654 Strawberry St, City: Des Moines, State Abbreviation: IA, Zip Code: 50301, DOB: 1984-07-02, Purchase Date: 2022-07-05",HIGH,HIGH,1.0,0.0,0.0,1.0,ok,True
15,"Person Name: Daniel Lee, State: Kansas, Drivers License: K01-76-4235, Issue Date: 2020-07-22, Expiration: 2025-07-22, SSN: 864-20-5193, transactionID: 864-20-5193, Street: 321 Blueberry St, City: Topeka, State Abbreviation: KS, Zip Code: 66601, DOB: 1998-01-09, Purchase Date: 2022-07-06",HIGH,HIGH,1.0,0.0,0.0,1.0,ok,True
16,"Person Name: Nancy Lee, State: Kentucky, Drivers License: D18-354-596, Issue Date: 2016-02-01, Expiration: 2022-02-01, SSN: 369-15-0872, transactionID: 369-15-0872, Street: 789 Raspberry St, City: Louisville, State Abbreviation: KY, Zip Code: 40201, DOB: 1995-04-06, Purchase Date: 2022-07-07",HIGH,HIGH,1.0,0.0,0.0,1.0,ok,True
17,"Person Name: Paul Martin, State: Louisiana, Drivers License: 52857694, Issue Date: 2014-09-14, Expiration: 2022-09-14, SSN: 551-73-5820, transactionID: 551-73-5820, Street: 987 Blackberry St, City: New Orleans, State Abbreviation: LA, Zip Code: 70112, DOB: 1988-11-18, Purchase Date: 2022-07-08",HIGH,HIGH,1.0,0.0,0.0,1.0,ok,True
18,"Person Name: Sarah Thompson, State: Maine, Drivers License: 9619732, Issue Date: 2015-06-08, Expiration: 2025-06-08, SSN: 753-02-8169, transactionID: 753-02-8169, Street: 654 Grape St, City: Portland, State Abbreviation: ME, Zip Code: 4101, DOB: 1981-03-23, Purchase Date: 2022-07-09",HIGH,HIGH,1.0,0.0,0.0,1.0,ok,True
19,"Person Name: Mark White, State: Massachusetts, Drivers License: S34214589, Issue Date: 2016-04-30, Expiration: 2023-04-30, SSN: 363-48-2157, transactionID: 363-48-2157, Street: 789 Avocado St, City: Boston, State Abbreviation: MA, Zip Code: 2101, DOB: 1992-07-07, Purchase Date: 2022-07-11",HIGH,HIGH,1.0,0.0,0.0,1.0,ok,True
20,"Person Name: Karen Hutchinson, State: Michigan, Drivers License: P800 000 224 322, Issue Date: 2019-07-14, Expiration: 2024-07-14, SSN: 852-39-4761, transactionID: 852-39-4761, Street: 987 Banana St, City: Detroit, State Abbreviation: MI, Zip Code: 48201, DOB: 1996-02-12, Purchase Date: 2022-07-13",HIGH,HIGH,1.0,0.0,0.0,1.0,ok,True
21,"Person Name: Donald Harris, State: Mississippi, Drivers License: 715201334, Issue Date: 2016-05-23, Expiration: 2023-05-23, SSN: 456-90-1234, transactionID: 456-90-1234, Street: 321 Apple St, City: Jackson, State Abbreviation: MS, Zip Code: 39201, DOB: 1990-08-09, Purchase Date: 2022-07-15",HIGH,HIGH,1.0,0.0,0.0,1.0,ok,True
22,"Person Name: Cynthia Rivera, State: Missouri, Drivers License: T87564359, Issue Date: 2015-09-03, Expiration: 2023-09-03, SSN: 789-23-4567, transactionID: 789-23-4567, Street: 789 Peach St, City: Kansas City, State Abbreviation: MO, Zip Code: 64101, DOB: 1984-12-16, Purchase Date: 2022-07-16",HIGH,HIGH,1.0,0.0,0.0,1.0,ok,True
23,"Person Name: George Allen, State: Montana, Drivers License: 965874000000, Issue Date: 2018-08-11, Expiration: 2023-08-11, SSN: 751-45-6789, transactionID: 751-45-6789, Street: 987 Lemon St, City: Helena, State Abbreviation: MT, Zip Code: 59601, DOB: 1992-02-26, Purchase Date: 2022-07-17",HIGH,HIGH,1.0,0.0,0.0,1.0,ok,True
24,"Person Name: Ruth Walker, State: Nebraska, Drivers License: N75634298, Issue Date: 2020-04-07, Expiration: 2025-04-07, SSN: 753-68-9012, transactionID: 753-68-9012, Street: 654 Lime St, City: Lincoln, State Abbreviation: NE, Zip Code: 68501, DOB: 1995-06-28, Purchase Date: 2022-07-18",HIGH,HIGH,1.0,0.0,0.0,1.0,ok,True
25,"Person Name: Kenneth Young, State: Nevada, Drivers License: 976547000000, Issue Date: 2016-06-12, Expiration: 2022-06-12, SSN: 369-91-2345, transactionID: 369-91-2345, Street: 321 Grapefruit St, City: Las Vegas, State Abbreviation: NV, Zip Code: 89101, DOB: 1989-11-05, Purchase Date: 2022-07-19",HIGH,HIGH,1.0,0.0,0.0,1.0,ok,True
26,"Person Name: Michelle King, State: New Hampshire, Drivers License: 23HFY56748, Issue Date: 2017-10-28, Expiration: 2023-10-28, SSN: 852-16-7890, transactionID: 852-16-7890, Street: 789 Kiwi St, City: Concord, State Abbreviation: NH, Zip Code: 3301, DOB: 1991-03-17, Purchase Date: 2022-07-21",HIGH,HIGH,1.0,0.0,0.0,1.0,ok,True
27,"Person Name: Steven Wright, State: New Jersey, Drivers License: X9764-52367-25472, Issue Date: 2018-11-03, Expiration: 2023-11-03, SSN: 123-70-2468, transactionID: 123-70-2468, Street: 987 Papaya St, City: Trenton, State Abbreviation: NJ, Zip Code: 8601, DOB: 1993-09-22, Purchase Date: 2022-07-22",HIGH,HIGH,1.0,0.0,0.0,1.0,ok,True
28,"Person Name: Dorothy Scott, State: New Mexico, Drivers License: 876453789, Issue Date: 2015-09-20, Expiration: 2024-09-20, SSN: 456-39-0123, transactionID: 456-39-0123, Street: 654 Pomegranate St, City: Santa Fe, State Abbreviation: NM, Zip Code: 87501, DOB: 1986-04-12, Purchase Date: 2022-07-23",HIGH,HIGH,1.0,0.0,0.0,1.0,ok,True
29,"Person Name: Edward Green, State: New York, Drivers License: 987 098 435, Issue Date: 2020-06-10, Expiration: 2025-06-10, SSN: 789-51-2346, transactionID: 789-51-2346, Street: 321 Pineapple St, City: New York, State Abbreviation: NY, Zip Code: 10001, DOB: 1997-08-08, Purchase Date: 2022-07-24",HIGH,HIGH,1.0,0.0,0.0,1.0,ok,True
30,"Person Name: Helen Hall, State: North Carolina, Drivers License: 95481942348, Issue Date: 2014-04-22, Expiration: 2024-04-22, SSN: 852-73-9014, transactionID: 852-73-9014, Street: 789 Orange St, City: Raleigh, State Abbreviation: NC, Zip Code: 27601, DOB: 1982-01-30, Purchase Date: 2022-07-25",HIGH,HIGH,1.0,0.0,0.0,1.0,ok,True
31,"Person Name: Brian Adams, State: Ohio, Drivers License: AB857643, Issue Date: 2013-09-25, Expiration: 2023-09-25, SSN: 753-90-4612, transactionID: 753-90-4612, Street: 654 Strawberry St, City: Columbus, State Abbreviation: OH, Zip Code: 43201, DOB: 1987-03-11, Purchase Date: 2022-07-27",HIGH,HIGH,1.0,0.0,0.0,1.0,ok,True
32,"Person Name: Dorothy Nelson, State: Oklahoma, Drivers License: B000065483, Issue Date: 2019-02-14, Expiration: 2024-02-14, SSN: 456-20-3195, transactionID: 456-20-3195, Street: 321 Blueberry St, City: Oklahoma City, State Abbreviation: OK, Zip Code: 73101, DOB: 1996-07-08, Purchase Date: 2022-07-28",HIGH,HIGH,1.0,0.0,0.0,1.0,ok,True
33,"Person Name: Raymond Clark, State: Oregon, Drivers License: A867589, Issue Date: 2015-11-29, Expiration: 2022-11-29, SSN: 789-93-7152, transactionID: 789-93-7152, Street: 789 Raspberry St, City: Portland, State Abbreviation: OR, Zip Code: 97201, DOB: 1990-05-03, Purchase Date: 2022-07-29",HIGH,HIGH,1.0,0.0,0.0,1.0,ok,True
34,"Person Name: Jean Coleman, State: Oregon, Drivers License: 1867589, Issue Date: 2015-11-29, Expiration: 2022-11-29, SSN: 789-93-7152, transactionID: 789-93-7152, Street: 789 Raspberry St, City: Portland, State Abbreviation: OR, Zip Code: 97201, DOB: 1990-05-03, Purchase Date: 2022-07-30",HIGH,HIGH,1.0,0.0,0.0,1.0,ok,True
35,"Person Name: Jose Diaz, State: Pennsylvania, Drivers License: 99 654 934, Issue Date: 2018-08-05, Expiration: 2023-08-05, SSN: 852-26-5309, transactionID: 852-26-5309, Street: 987 Blackberry St, City: Philadelphia, State Abbreviation: PA, Zip Code: 19019, DOB: 1993-09-09, Purchase Date: 2022-07-31",HIGH,HIGH,1.0,0.0,0.0,1.0,ok,True
36,"Person Name: Sarah Mitchell, State: Rhode Island, Drivers License: 7342145, Issue Date: 2014-04-19, Expiration: 2024-04-19, SSN: 263-50-1473, transactionID: 263-50-1473, Street: 654 Grape St, City: Providence, State Abbreviation: RI, Zip Code: 2901, DOB: 1985-06-24, Purchase Date: 2022-08-01",HIGH,HIGH,1.0,0.0,0.0,1.0,ok,True
37,"Person Name: Anthony Evans, State: Rhode Island, Drivers License: V342145, Issue Date: 2014-04-19, Expiration: 2024-04-19, SSN: 863-50-1473, transactionID: 863-50-1473, Street: 654 Grape St, City: Providence, State Abbreviation: RI, Zip Code: 2901, DOB: 1985-06-24, Purchase Date: 2022-08-02",HIGH,HIGH,1.0,0.0,0.0,1.0,ok,True
38,"Person Name: Rebecca Garcia, State: South Carolina, Drivers License: 856474892, Issue Date: 2017-08-21, Expiration: 2022-08-21, SSN: 369-82-3015, transactionID: 369-82-3015, Street: 321 Watermelon St, City: Columbia, State Abbreviation: SC, Zip Code: 29201, DOB: 1989-11-15, Purchase Date: 2022-08-03",HIGH,HIGH,1.0,0.0,0.0,1.0,ok,True
39,"Person Name: William Phillips, State: South Dakota, Drivers License: 98756473, Issue Date: 2018-10-02, Expiration: 2023-10-02, SSN: 789-23-5476, transactionID: 789-23-5476, Street: 789 Avocado St, City: Pierre, State Abbreviation: SD, Zip Code: 57501, DOB: 1992-04-09, Purchase Date: 2022-08-04",HIGH,HIGH,1.0,0.0,0.0,1.0,ok,True
40,"Person Name: Angela Brooks, State: Tennessee, Drivers License: 967874563, Issue Date: 2019-07-27, Expiration: 2024-07-27, SSN: 852-49-7162, transactionID: 852-49-7162, Street: 987 Banana St, City: Nashville, State Abbreviation: TN, Zip Code: 37201, DOB: 1996-12-03, Purchase Date: 2022-08-05",HIGH,HIGH,1.0,0.0,0.0,1.0,ok,True
41,"Person Name: Edward Campbell, State: Tennessee, Drivers License: 9678745, Issue Date: 2019-07-27, Expiration: 2024-07-27, SSN: 852-49-7162, transactionID: 852-49-7162, Street: 987 Banana St, City: Nashville, State Abbreviation: TN, Zip Code: 37201, DOB: 1996-12-03, Purchase Date: 2022-08-06",HIGH,HIGH,1.0,0.0,0.0,1.0,ok,True
42,"Person Name: Amanda Price, State: Texas, Drivers License: 5849772, Issue Date: 2015-05-14, Expiration: 2023-05-14, SSN: 753-82-4150, transactionID: 753-82-4150, Street: 654 Pear St, City: Austin, State Abbreviation: TX, Zip Code: 73301, DOB: 1984-03-29, Purchase Date: 2022-08-07",HIGH,HIGH,1.0,0.0,0.0,1.0,ok,True
43,"Person Name: Gregory Russell, State: Utah, Drivers License: 2144878789, Issue Date: 2020-09-10, Expiration: 2025-09-10, SSN: 456-05-2938, transactionID: 456-05-2938, Street: 321 Apple St, City: Salt Lake City, State Abbreviation: UT, Zip Code: 84101, DOB: 1997-07-16, Purchase Date: 2022-08-08",HIGH,HIGH,1.0,0.0,0.0,1.0,ok,True
44,"Person Name: Kimberly Richardson, State: Vermont, Drivers License: 76834430, Issue Date: 2016-02-13, Expiration: 2022-02-13, SSN: 789-62-4071, transactionID: 789-62-4071, Street: 789 Peach St, City: Montpelier, State Abbreviation: VT, Zip Code: 5601, DOB: 1990-01-19, Purchase Date: 2022-08-09",HIGH,HIGH,1.0,0.0,0.0,1.0,ok,True
45,"Person Name: Roger Gray, State: Virginia, Drivers License: V34214589, Issue Date: 2018-07-01, Expiration: 2023-07-01, SSN: 852-35-1092, transactionID: 852-35-1092, Street: 987 Lemon St, City: Richmond, State Abbreviation: VA, Zip Code: 23218, DOB: 1992-11-08, Purchase Date: 2022-08-10",HIGH,HIGH,1.0,0.0,0.0,1.0,ok,True
46,"Person Name: Irene Henderson, State: Washington, Drivers License: TURNELG237DF, Issue Date: 2020-04-05, Expiration: 2025-04-05, SSN: 753-96-2140, transactionID: 753-96-2140, Street: 654 Lime St, City: Olympia, State Abbreviation: WA, Zip Code: 98501, DOB: 1995-05-21, Purchase Date: 2022-08-13",HIGH,HIGH,1.0,0.0,0.0,1.0,ok,True
47,"Person Name: Lawrence Reed, State: West Virginia, Drivers License: YC990678, Issue Date: 2014-12-18, Expiration: 2024-12-18, SSN: 456-70-8139, transactionID: 456-70-8139, Street: 321 Grapefruit St, City: Charleston, State Abbreviation: WV, Zip Code: 25301, DOB: 1988-09-26, Purchase Date: 2022-08-14",HIGH,HIGH,1.0,0.0,0.0,1.0,ok,True
48,"Person Name: Bonnie Foster, State: Wisconsin, Drivers License: S545-4566-0976-00, Issue Date: 2015-06-04, Expiration: 2025-06-04, SSN: 789-39-0162, transactionID: 789-39-0162, Street: 789 Kiwi St, City: Madison, State Abbreviation: WI, Zip Code: 53701, DOB: 1991-02-08, Purchase Date: 2022-08-15",HIGH,HIGH,1.0,0.0,0.0,1.0,ok,True
49,"Person Name: Roy Butler, State: Wyoming, Drivers License: 768462-099, Issue Date: 2018-08-29, Expiration: 2023-08-29, SSN: 852-16-7093, transactionID: 852-16-7093, Street: 987 Papaya St, City: Cheyenne, State Abbreviation: WY, Zip Code: 82001, DOB: 1993-07-03, Purchase Date: 2022-08-16",HIGH,HIGH,1.0,0.0,0.0,1.0,ok,True
50,"Person Name: Victoria Graham, State: Disctrict Of Columbia, Drivers License: 8745389, Issue Date: 2017-08-21, Expiration: 2023-07-01, SSN: 852-35-1092, transactionID: 852-35-1092, Street: 432 Avocado St, City: Reston, State Abbreviation: DC, Zip Code: 20001, DOB: 1988-09-26, Purchase Date: 2022-08-17",HIGH,HIGH,1.0,0.0,0.0,1.0,ok,True
